mouse,condition,fed
ERR1310081,Infantformula,humanfood
ERR1310082,Infantformula,humanfood
ERR1310083,Infantformula,humanfood
ERR1310084,Infantformula,humanfood
ERR1310085,Infantformula+fruitsandvegetables,humanfood
ERR1310086,Infantformula+fruitsandvegetables,humanfood
ERR1310087,Infantformula+fruitsandvegetables,humanfood
ERR1310088,Infantformula+fruitsandvegetables,humanfood
ERR1310089,Infantformula+fruitsandvegetables,humanfood
ERR1310090,Infantformula+fruitsandvegetables,humanfood
ERR1310091,Infantformula+fruitsandvegetables,humanfood
ERR1310092,Infantformula+fruitsandvegetables,humanfood
ERR1310093,Infantformula,humanfood
ERR1310094,Infantformula,humanfood
ERR1310095,Infantformula,humanfood
ERR1310096,Infantformula,humanfood
ERR1310097,Infantformula,humanfood
ERR1310098,Infantformula,humanfood
ERR1310099,Infantformula,humanfood
ERR1310100,Infantformula,humanfood
ERR1310101,Infantformula,humanfood
ERR1310102,Infantformula,humanfood
ERR1310103,Infantformula,humanfood
ERR1310104,Infantformula,humanfood
ERR1310105,Infantformula,humanfood
ERR1310106,Infantformula+fruitsandvegetables,humanfood
ERR1310107,Infantformula+fruitsandvegetables,humanfood
ERR1310108,Infantformula+fruitsandvegetables,humanfood
ERR1310109,Infantformula+fruitsandvegetables,humanfood
ERR1310110,Infantformula+fruitsandvegetables,humanfood
ERR1310111,Infantformula+fruitsandvegetables,humanfood
ERR1310112,Infantformula+fruitsandvegetables,humanfood
ERR1310113,Infantformula+fruitsandvegetables,humanfood
ERR1310114,Infantformula+fruitsandvegetables,humanfood
ERR1310115,Infantformula+fruitsandvegetables,humanfood
ERR1310116,Infantformula,humanfood
ERR1310117,Infantformula,humanfood
ERR1310118,Infantformula,humanfood
ERR1310119,Infantformula,humanfood
ERR1310120,Infantformula,humanfood
ERR1310121,Infantformula,humanfood
ERR1310122,Infantformula,humanfood
ERR1310123,Infantformula,humanfood
ERR1310124,Infantformula,humanfood
ERR1310125,Infantformula,humanfood
ERR1310126,Infantformula,humanfood
ERR1310127,Infantformula,humanfood
ERR1310128,Infantformula,humanfood
ERR1310129,Infantformula,humanfood
ERR1310130,Infantformula,humanfood
ERR1310131,Infantformula+fruitsandvegetables,humanfood
ERR1310132,Infantformula+fruitsandvegetables,humanfood
ERR1310133,Infantformula+fruitsandvegetables,humanfood
ERR1310134,Infantformula+fruitsandvegetables,humanfood
ERR1310135,Infantformula+fruitsandvegetables,humanfood
ERR1310136,Infantformula+fruitsandvegetables,humanfood
ERR1310137,Infantformula+fruitsandvegetables,humanfood
ERR1310138,Infantformula+fruitsandvegetables,humanfood
ERR1310139,Infantformula+fruitsandvegetables,humanfood
ERR1310140,Infantformula+fruitsandvegetables,humanfood
ERR1310141,Infantformula,humanfood
ERR1310142,Infantformula,humanfood
ERR1310143,Infantformula,humanfood
ERR1310144,Infantformula,humanfood
ERR1310145,Infantformula,humanfood
ERR1310146,Infantformula,humanfood
ERR1310147,Infantformula,humanfood
ERR1310148,Infantformula,humanfood
ERR1310149,Infantformula,humanfood
ERR1310150,Infantformula,humanfood
ERR1310151,Infantformula,humanfood
ERR1310152,Infantformula,humanfood
ERR1310153,Infantformula,humanfood
ERR1310154,Infantformula,humanfood
ERR1310155,Infantformula,humanfood
ERR1310156,Infantformula+fruitsandvegetables,humanfood
ERR1310157,Infantformula+fruitsandvegetables,humanfood
ERR1310158,Infantformula+fruitsandvegetables,humanfood
ERR1310159,Infantformula+fruitsandvegetables,humanfood
ERR1310160,Infantformula+fruitsandvegetables,humanfood
ERR1310161,Infantformula+fruitsandvegetables,humanfood
ERR1310162,Infantformula+fruitsandvegetables,humanfood
ERR1310163,Infantformula+fruitsandvegetables,humanfood
ERR1310164,Infantformula+fruitsandvegetables,humanfood
ERR1310165,Infantformula+fruitsandvegetables,humanfood
ERR1310166,Infantformula,humanfood
ERR1310167,Infantformula,humanfood
ERR1310168,Infantformula,humanfood
ERR1310169,Infantformula,humanfood
ERR1310170,Infantformula,humanfood
ERR1310171,Infantformula,humanfood
ERR1310172,Infantformula,humanfood
ERR1310173,Infantformula,humanfood
ERR1310174,Infantformula,humanfood
ERR1310175,Infantformula,humanfood
ERR1310176,Infantformula,humanfood
ERR1310177,Infantformula,humanfood
ERR1310178,Infantformula,humanfood
ERR1310179,Infantformula,humanfood
ERR1310180,Infantformula,humanfood
ERR1310181,Infantformula+fruitsandvegetables,humanfood
ERR1310182,Infantformula+fruitsandvegetables,humanfood
ERR1310183,Infantformula+fruitsandvegetables,humanfood
ERR1310184,Infantformula+fruitsandvegetables,humanfood
ERR1310185,Infantformula+fruitsandvegetables,humanfood
ERR1310186,Infantformula+fruitsandvegetables,humanfood
ERR1310187,Infantformula+fruitsandvegetables,humanfood
ERR1310188,Infantformula+fruitsandvegetables,humanfood
ERR1310189,Infantformula+fruitsandvegetables,humanfood
ERR1310190,Infantformula+fruitsandvegetables,humanfood
ERR1310191,Infantformula,humanfood
ERR1310192,Infantformula,humanfood
ERR1310193,Infantformula,humanfood
ERR1310194,Infantformula,humanfood
ERR1310195,Infantformula,humanfood
ERR1310196,Infantformula,humanfood
ERR1310197,Infantformula,humanfood
ERR1310198,Infantformula,humanfood
ERR1310199,Infantformula,humanfood
ERR1310200,Infantformula,humanfood
ERR1310201,Infantformula,humanfood
ERR1310202,Infantformula,humanfood
ERR1310203,Infantformula,humanfood
ERR1310204,Infantformula,humanfood
ERR1310205,Infantformula,humanfood
ERR1310206,Infantformula+fruitsandvegetables,humanfood
ERR1310207,Infantformula+fruitsandvegetables,humanfood
ERR1310208,Infantformula+fruitsandvegetables,humanfood
ERR1310209,Infantformula+fruitsandvegetables,humanfood
ERR1310210,Infantformula+fruitsandvegetables,humanfood
ERR1310211,Infantformula+fruitsandvegetables,humanfood
ERR1310212,Infantformula+fruitsandvegetables,humanfood
ERR1310213,Infantformula+fruitsandvegetables,humanfood
ERR1310214,Infantformula+fruitsandvegetables,humanfood
ERR1310215,Infantformula+fruitsandvegetables,humanfood
ERR1310216,Infantformula,humanfood
ERR1310217,Infantformula,humanfood
ERR1310218,Infantformula,humanfood
ERR1310219,Infantformula,humanfood
ERR1310220,Infantformula,humanfood
ERR1310221,Infantformula,humanfood
ERR1310222,Infantformula,humanfood
ERR1310223,Infantformula,humanfood
ERR1310224,Infantformula,humanfood
ERR1310225,Infantformula,humanfood
ERR1310226,Infantformula,humanfood
ERR1310227,Infantformula,humanfood
ERR1310228,Infantformula,humanfood
ERR1310229,Infantformula,humanfood
ERR1310230,Infantformula+fruitsandvegetables,humanfood
ERR1310231,Infantformula+fruitsandvegetables,humanfood
ERR1310232,Infantformula+fruitsandvegetables,humanfood
ERR1310233,Infantformula+fruitsandvegetables,humanfood
ERR1310234,Infantformula+fruitsandvegetables,humanfood
ERR1310235,Infantformula+fruitsandvegetables,humanfood
ERR1310236,Infantformula+fruitsandvegetables,humanfood
ERR1310237,Infantformula+fruitsandvegetables,humanfood
ERR1310238,Infantformula,humanfood
ERR1310239,Infantformula,humanfood
ERR1310240,Infantformula,humanfood
ERR1310241,Infantformula,humanfood
ERR1310242,Infantformula,humanfood
ERR1310243,Infantformula,humanfood
ERR1310244,Infantformula,humanfood
ERR1310245,Infantformula,humanfood
ERR1310246,Infantformula,humanfood
ERR1310247,Infantformula,humanfood
ERR1310248,Infantformula,humanfood
ERR1310249,Infantformula,humanfood
ERR1310250,Infantformula+fruitsandvegetables,humanfood
ERR1310251,Infantformula+fruitsandvegetables,humanfood
ERR1310252,Infantformula+fruitsandvegetables,humanfood
ERR1310253,Infantformula+fruitsandvegetables,humanfood
ERR1310254,Infantformula+fruitsandvegetables,humanfood
ERR1310255,Infantformula+fruitsandvegetables,humanfood
ERR1310256,Infantformula+fruitsandvegetables,humanfood
ERR1310257,Infantformula+fruitsandvegetables,humanfood
ERR1310258,Infantformula,humanfood
ERR1310259,Infantformula,humanfood
ERR1310260,Infantformula,humanfood
ERR1310261,Infantformula,humanfood
ERR1310262,Infantformula,humanfood
ERR1310263,Infantformula,humanfood
ERR1310264,Infantformula,humanfood
ERR1762820,CRON_DietAMERdietAdLib,humanfood
ERR1762821,CRON_DietAMERdietAdLib,humanfood
ERR1762822,CRON_DietAMERdietAdLib,humanfood
ERR1762823,CRON_CRONdietCRONdietRestricted,humanfood
ERR1762824,CRON_CRONdietCRONdietRestricted,humanfood
ERR1762825,CRON_CRONdietCRONdietRestricted,humanfood
ERR1762826,CRON_CRONdietCRONdietRestricted,humanfood
ERR1762827,CRON_CRONdietCRONdietRestricted,humanfood
ERR1762828,CRON_CRONdietCRONdietRestricted,humanfood
ERR1762830,CRON_[postCohousing]CRONdietRestricted,humanfood
ERR1762831,CRON_[postCohousing]CRONdietRestricted,humanfood
ERR1762832,CRON_[postCohousing]CRONdietRestricted,humanfood
ERR1762833,CRON_[postCohousing]CRONdietRestricted,humanfood
ERR1762834,CRON_[Cohousing]CRONdietRestricted,humanfood
ERR1762835,CRON_[Cohousing]CRONdietRestricted,humanfood
ERR1762836,CRON_[Cohousing]CRONdietRestricted,humanfood
ERR1762837,CRON_[Cohousing]CRONdietRestricted,humanfood
ERR1762838,CRON_[Cohousing]CRONdietRestricted,humanfood
ERR1762839,CRON_[Cohousing]CRONdietRestricted,humanfood
ERR1762841,CRON_[Cohousing]CRONdietRestricted,humanfood
ERR1762842,CRON_[Cohousing]CRONdietRestricted,humanfood
ERR1762843,CRON_[Cohousing]CRONdietRestricted,humanfood
ERR1762844,CRON_[Cohousing]CRONdietRestricted,humanfood
ERR1762845,CRON_DietCRONdietRestricted,humanfood
ERR1762846,CRON_DietCRONdietRestricted,humanfood
ERR1762847,CRON_DietCRONdietRestricted,humanfood
ERR1762848,CRON_DietCRONdietRestricted,humanfood
ERR1762849,CRON_DietAMERdietAdLib,humanfood
ERR1762850,CRON_DietAMERdietAdLib,humanfood
ERR1762852,CRON_DietAMERdietAdLib,humanfood
ERR1762853,CRON_DietAMERdietAdLib,humanfood
ERR1762854,CRON_CRONdietCRONdietRestricted,humanfood
ERR1762855,CRON_CRONdietCRONdietRestricted,humanfood
ERR1762856,CRON_CRONdietCRONdietRestricted,humanfood
ERR1762857,CRON_CRONdietCRONdietRestricted,humanfood
ERR1762858,CRON_CRONdietCRONdietRestricted,humanfood
ERR1762859,CRON_CRONdietCRONdietRestricted,humanfood
ERR1762860,CRON_[postCohousing]CRONdietRestricted,humanfood
ERR1762861,CRON_[postCohousing]CRONdietRestricted,humanfood
ERR1762863,CRON_[postCohousing]CRONdietRestricted,humanfood
ERR1762864,CRON_[postCohousing]CRONdietRestricted,humanfood
ERR1762865,CRON_[Cohousing]CRONdietRestricted,humanfood
ERR1762866,CRON_[Cohousing]CRONdietRestricted,humanfood
ERR1762867,CRON_[Cohousing]CRONdietRestricted,humanfood
ERR1762868,CRON_[Cohousing]CRONdietRestricted,humanfood
ERR1762869,CRON_[Cohousing]CRONdietRestricted,humanfood
ERR1762870,CRON_[Cohousing]CRONdietRestricted,humanfood
ERR1762871,CRON_[Cohousing]CRONdietRestricted,humanfood
ERR1762872,CRON_[Cohousing]CRONdietRestricted,humanfood
ERR1762874,CRON_[Cohousing]CRONdietRestricted,humanfood
ERR1762875,CRON_[Cohousing]CRONdietRestricted,humanfood
ERR1762876,CRON_DietCRONdietRestricted,humanfood
ERR1762877,CRON_DietCRONdietRestricted,humanfood
ERR1762878,CRON_DietCRONdietRestricted,humanfood
ERR1762879,CRON_DietCRONdietRestricted,humanfood
ERR1762880,CRON_DietAMERdietAdLib,humanfood
ERR1762881,CRON_DietAMERdietAdLib,humanfood
ERR1762882,CRON_DietAMERdietAdLib,humanfood
ERR1762883,CRON_DietAMERdietAdLib,humanfood
ERR1762885,CRON_CRONdietCRONdietRestricted,humanfood
ERR1762886,CRON_CRONdietCRONdietRestricted,humanfood
ERR1762887,CRON_CRONdietCRONdietRestricted,humanfood
ERR1762888,CRON_CRONdietCRONdietRestricted,humanfood
ERR1762889,CRON_CRONdietCRONdietRestricted,humanfood
ERR1762890,CRON_[postCohousing]CRONdietRestricted,humanfood
ERR1762891,CRON_[postCohousing]CRONdietRestricted,humanfood
ERR1762892,CRON_[postCohousing]CRONdietRestricted,humanfood
ERR1762893,CRON_[Cohousing]CRONdietRestricted,humanfood
ERR1762894,CRON_[Cohousing]CRONdietRestricted,humanfood
ERR1762896,CRON_[Cohousing]CRONdietRestricted,humanfood
ERR1762897,CRON_[Cohousing]CRONdietRestricted,humanfood
ERR1762898,CRON_[Cohousing]CRONdietRestricted,humanfood
ERR1762899,CRON_[Cohousing]CRONdietRestricted,humanfood
ERR1762900,CRON_[Cohousing]CRONdietRestricted,humanfood
ERR1762901,CRON_[Cohousing]CRONdietRestricted,humanfood
ERR1762902,CRON_[Cohousing]CRONdietRestricted,humanfood
ERR1762903,CRON_DietCRONdietRestricted,humanfood
ERR1762904,CRON_DietCRONdietRestricted,humanfood
ERR1762905,CRON_DietCRONdietRestricted,humanfood
ERR1762907,CRON_DietCRONdietRestricted,humanfood
ERR1762908,CRON_DietAMERdietAdLib,humanfood
ERR1762909,CRON_DietAMERdietAdLib,humanfood
ERR1762910,CRON_DietAMERdietAdLib,humanfood
ERR1762911,CRON_DietAMERdietAdLib,humanfood
ERR1762912,CRON_CRONdietCRONdietRestricted,humanfood
ERR1762913,CRON_CRONdietCRONdietRestricted,humanfood
ERR1762914,CRON_CRONdietCRONdietRestricted,humanfood
ERR1762915,CRON_CRONdietCRONdietRestricted,humanfood
ERR1762916,CRON_CRONdietCRONdietRestricted,humanfood
ERR1762918,CRON_CRONdietCRONdietRestricted,humanfood
ERR1762919,CRON_[postCohousing]CRONdietRestricted,humanfood
ERR1762920,CRON_[postCohousing]CRONdietRestricted,humanfood
ERR1762921,CRON_[postCohousing]CRONdietRestricted,humanfood
ERR1762922,CRON_[postCohousing]CRONdietRestricted,humanfood
ERR1762923,CRON_[Cohousing]CRONdietRestricted,humanfood
ERR1762924,CRON_[Cohousing]CRONdietRestricted,humanfood
ERR1762925,CRON_[Cohousing]CRONdietRestricted,humanfood
ERR1762926,CRON_[Cohousing]CRONdietRestricted,humanfood
ERR1762927,CRON_[Cohousing]CRONdietRestricted,humanfood
ERR1762930,CRON_[Cohousing]CRONdietRestricted,humanfood
ERR1762931,CRON_[Cohousing]CRONdietRestricted,humanfood
ERR1762932,CRON_[Cohousing]CRONdietRestricted,humanfood
ERR1762933,CRON_[Cohousing]CRONdietRestricted,humanfood
ERR1762934,CRON_DietCRONdietRestricted,humanfood
ERR1762935,CRON_DietCRONdietRestricted,humanfood
ERR1762936,CRON_DietCRONdietRestricted,humanfood
ERR1762937,CRON_DietCRONdietRestricted,humanfood
ERR1762938,CRON_DietAMERdietAdLib,humanfood
ERR1762939,CRON_DietAMERdietAdLib,humanfood
ERR1762941,CRON_DietAMERdietAdLib,humanfood
ERR1762942,CRON_DietAMERdietAdLib,humanfood
ERR1762943,CRON_CRONdietCRONdietRestricted,humanfood
ERR1762944,CRON_CRONdietCRONdietRestricted,humanfood
ERR1762945,CRON_CRONdietCRONdietRestricted,humanfood
ERR1762946,CRON_CRONdietCRONdietRestricted,humanfood
ERR1762947,CRON_CRONdietCRONdietRestricted,humanfood
ERR1762948,CRON_CRONdietCRONdietRestricted,humanfood
ERR1762949,CRON_[postCohousing]CRONdietRestricted,humanfood
ERR1762950,CRON_[postCohousing]CRONdietRestricted,humanfood
ERR1762952,CRON_[postCohousing]CRONdietRestricted,humanfood
ERR1762953,CRON_[postCohousing]CRONdietRestricted,humanfood
ERR1762954,CRON_[Cohousing]CRONdietRestricted,humanfood
ERR1762955,CRON_[Cohousing]CRONdietRestricted,humanfood
ERR1762956,CRON_[Cohousing]CRONdietRestricted,humanfood
ERR1762957,CRON_[Cohousing]CRONdietRestricted,humanfood
ERR1762958,CRON_[Cohousing]CRONdietRestricted,humanfood
ERR1762959,CRON_[Cohousing]CRONdietRestricted,humanfood
ERR1762960,CRON_[Cohousing]CRONdietRestricted,humanfood
ERR1762961,CRON_[Cohousing]CRONdietRestricted,humanfood
ERR1762963,CRON_[Cohousing]CRONdietRestricted,humanfood
ERR1762964,CRON_[Cohousing]CRONdietRestricted,humanfood
ERR1762965,CRON_DietCRONdietRestricted,humanfood
ERR1762966,CRON_DietCRONdietRestricted,humanfood
ERR1762967,CRON_DietCRONdietRestricted,humanfood
ERR1762968,CRON_DietCRONdietRestricted,humanfood
ERR1762969,CRON_DietAMERdietAdLib,humanfood
ERR1762970,CRON_DietAMERdietAdLib,humanfood
ERR1762971,CRON_DietAMERdietAdLib,humanfood
ERR1762972,CRON_DietAMERdietAdLib,humanfood
ERR1762974,CRON_CRONdietCRONdietRestricted,humanfood
ERR1762975,CRON_CRONdietCRONdietRestricted,humanfood
ERR1762976,CRON_CRONdietCRONdietRestricted,humanfood
ERR1762977,CRON_CRONdietCRONdietRestricted,humanfood
ERR1762978,CRON_CRONdietCRONdietRestricted,humanfood
ERR1762979,CRON_CRONdietCRONdietRestricted,humanfood
ERR1762980,CRON_[postCohousing]CRONdietRestricted,humanfood
ERR1762981,CRON_[postCohousing]CRONdietRestricted,humanfood
ERR1762982,CRON_[postCohousing]CRONdietRestricted,humanfood
ERR1762983,CRON_[postCohousing]CRONdietRestricted,humanfood
ERR1762985,CRON_[Cohousing]CRONdietRestricted,humanfood
ERR1762986,CRON_[Cohousing]CRONdietRestricted,humanfood
ERR1762987,CRON_[Cohousing]CRONdietRestricted,humanfood
ERR1762988,CRON_[Cohousing]CRONdietRestricted,humanfood
ERR1762989,CRON_[Cohousing]CRONdietRestricted,humanfood
ERR1762990,CRON_[Cohousing]CRONdietRestricted,humanfood
ERR1762991,CRON_[Cohousing]CRONdietRestricted,humanfood
ERR1762992,CRON_[Cohousing]CRONdietRestricted,humanfood
ERR1762993,CRON_[Cohousing]CRONdietRestricted,humanfood
ERR1762994,CRON_[Cohousing]CRONdietRestricted,humanfood
ERR1762996,CRON_DietCRONdietRestricted,humanfood
ERR1762997,CRON_DietCRONdietRestricted,humanfood
ERR1762998,CRON_DietCRONdietRestricted,humanfood
ERR1762999,CRON_DietCRONdietRestricted,humanfood
ERR1763000,CRON_DietAMERdietAdLib,humanfood
ERR1763001,CRON_DietAMERdietAdLib,humanfood
ERR1763002,CRON_DietAMERdietAdLib,humanfood
ERR1763003,CRON_DietAMERdietAdLib,humanfood
ERR1763004,CRON_CRONdietCRONdietRestricted,humanfood
ERR1763005,CRON_CRONdietCRONdietRestricted,humanfood
ERR1763007,CRON_CRONdietCRONdietRestricted,humanfood
ERR1763008,CRON_CRONdietCRONdietRestricted,humanfood
ERR1763009,CRON_CRONdietCRONdietRestricted,humanfood
ERR1763010,CRON_CRONdietCRONdietRestricted,humanfood
ERR1763011,CRON_[postCohousing]CRONdietRestricted,humanfood
ERR1763012,CRON_[postCohousing]CRONdietRestricted,humanfood
ERR1763013,CRON_[postCohousing]CRONdietRestricted,humanfood
ERR1763014,CRON_[postCohousing]CRONdietRestricted,humanfood
ERR1763015,AMER_Control[postCohousing]CRONdietRestricted,humanfood
ERR1763016,AMER_Control[postCohousing]CRONdietRestricted,humanfood
ERR1763018,AMER_Control[postCohousing]CRONdietRestricted,humanfood
ERR1763019,AMER_Control[postCohousing]CRONdietRestricted,humanfood
ERR1763020,AMER_Control[postCohousing]CRONdietRestricted,humanfood
ERR1763021,CRON_[postCohousing]CRONdietRestricted,humanfood
ERR1763022,CRON_[postCohousing]CRONdietRestricted,humanfood
ERR1763023,CRON_[postCohousing]CRONdietRestricted,humanfood
ERR1763024,CRON_[postCohousing]CRONdietRestricted,humanfood
ERR1763025,CRON_[postCohousing]CRONdietRestricted,humanfood
ERR1763026,AMER_[Target][postCohousing]CRONdietRestricted,humanfood
ERR1763027,AMER_[Target][postCohousing]CRONdietRestricted,humanfood
ERR1763029,AMER_[Target][postCohousing]CRONdietRestricted,humanfood
ERR1763030,AMER_[Target][postCohousing]CRONdietRestricted,humanfood
ERR1763031,AMER_[Target][postCohousing]CRONdietRestricted,humanfood
ERR1763032,CRON_[postCohousing]CRONdietRestricted,humanfood
ERR1763033,CRON_[postCohousing]CRONdietRestricted,humanfood
ERR1763034,CRON_[postCohousing]CRONdietRestricted,humanfood
ERR1763035,CRON_[postCohousing]CRONdietRestricted,humanfood
ERR1763036,CRON_[postCohousing]CRONdietRestricted,humanfood
ERR1763185,CRON_sample,mousefood
ERR1763186,CRON_sample,mousefood
ERR1763188,CRON_sample,mousefood
ERR1763189,CRON_sample,mousefood
ERR1763190,CRON_sample,mousefood
ERR1763191,CRON_sample,mousefood
ERR1763192,CRON_sample,mousefood
ERR1763193,CRON_sample,mousefood
ERR1763194,CRON_sample,mousefood
ERR1763195,CRON_sample,mousefood
ERR1763196,AMER_sample,mousefood
ERR1763197,AMER_sample,mousefood
ERR1763199,AMER_sample,mousefood
ERR1763200,AMER_sample,mousefood
ERR1763201,AMER_sample,mousefood
ERR1763202,AMER_sample,mousefood
ERR1763203,AMER_sample,mousefood
ERR1763204,AMER_sample,mousefood
ERR1763205,AMER_sample,mousefood
ERR1763206,AMER_sample,mousefood
ERR1763207,CRON_AMERdietAdLib,humanfood
ERR1763208,CRON_AMERdietAdLib,humanfood
ERR1763210,CRON_AMERdietAdLib,humanfood
ERR1763211,CRON_AMERdietAdLib,humanfood
ERR1763212,CRON_AMERdietAdLib,humanfood
ERR1763213,CRON_AMERdietAdLib,humanfood
ERR1763214,CRON_AMERdietAdLib,humanfood
ERR1763215,CRON_AMERdietAdLib,humanfood
ERR1763216,CRON_AMERdietAdLib,humanfood
ERR1763217,CRON_AMERdietAdLib,humanfood
ERR1763218,CRON_AMERdietAdLib,humanfood
ERR1763219,CRON_CRONdietRestricted,humanfood
ERR1763221,CRON_CRONdietRestricted,humanfood
ERR1763222,CRON_CRONdietRestricted,humanfood
ERR1763223,CRON_CRONdietRestricted,humanfood
ERR1763224,CRON_CRONdietRestricted,humanfood
ERR1763225,CRON_CRONdietRestricted,humanfood
ERR1763226,CRON_CRONdietRestricted,humanfood
ERR1763227,CRON_CRONdietRestricted,humanfood
ERR1763228,CRON_CRONdietRestricted,humanfood
ERR1763229,CRON_CRONdietRestricted,humanfood
ERR1763230,CRON_CRONdietRestricted,humanfood
ERR1763232,CRON_CRONdietRestricted,humanfood
ERR1763233,CRON_CRONdietAdLib,humanfood
ERR1763234,CRON_CRONdietAdLib,humanfood
ERR1763235,CRON_CRONdietAdLib,humanfood
ERR1763236,CRON_CRONdietAdLib,humanfood
ERR1763237,CRON_CRONdietAdLib,humanfood
ERR1763238,CRON_CRONdietAdLib,humanfood
ERR1763239,CRON_CRONdietAdLib,humanfood
ERR1763240,CRON_CRONdietAdLib,humanfood
ERR1763241,CRON_CRONdietAdLib,humanfood
ERR1763244,CRON_CRONdietAdLib,humanfood
ERR1763245,CRON_CRONdietAdLib,humanfood
ERR1763246,CRON_CRONdietAdLib,humanfood
ERR1763247,CRON_AMERdietAdLib,humanfood
ERR1763248,CRON_AMERdietAdLib,humanfood
ERR1763249,CRON_AMERdietAdLib,humanfood
ERR1763250,CRON_AMERdietAdLib,humanfood
ERR1763251,CRON_AMERdietAdLib,humanfood
ERR1763252,CRON_AMERdietAdLib,humanfood
ERR1763253,CRON_AMERdietAdLib,humanfood
ERR1763255,CRON_AMERdietAdLib,humanfood
ERR1763256,CRON_AMERdietAdLib,humanfood
ERR1763257,CRON_AMERdietAdLib,humanfood
ERR1763258,CRON_AMERdietAdLib,humanfood
ERR1763259,CRON_AMERdietAdLib,humanfood
ERR1763260,CRON_AMERdietAdLib,humanfood
ERR1763261,CRON_AMERdietAdLib,humanfood
ERR1763262,CRON_CRONdietRestricted,humanfood
ERR1763263,CRON_CRONdietRestricted,humanfood
ERR1763264,CRON_CRONdietRestricted,humanfood
ERR1763266,CRON_CRONdietRestricted,humanfood
ERR1763267,CRON_CRONdietRestricted,humanfood
ERR1763268,CRON_CRONdietRestricted,humanfood
ERR1763269,CRON_CRONdietRestricted,humanfood
ERR1763270,CRON_CRONdietRestricted,humanfood
ERR1763271,CRON_CRONdietRestricted,humanfood
ERR1763272,CRON_CRONdietRestricted,humanfood
ERR1763273,CRON_CRONdietRestricted,humanfood
ERR1763274,CRON_CRONdietRestricted,humanfood
ERR1763275,CRON_CRONdietRestricted,humanfood
ERR1763277,CRON_CRONdietAdLib,humanfood
ERR1763278,CRON_CRONdietAdLib,humanfood
ERR1763279,CRON_CRONdietAdLib,humanfood
ERR1763280,CRON_CRONdietAdLib,humanfood
ERR1763281,CRON_CRONdietAdLib,humanfood
ERR1763282,CRON_CRONdietAdLib,humanfood
ERR1763283,CRON_CRONdietAdLib,humanfood
ERR1763284,CRON_CRONdietAdLib,humanfood
ERR1763285,CRON_CRONdietAdLib,humanfood
ERR1763286,CRON_CRONdietAdLib,humanfood
ERR1763288,CRON_CRONdietAdLib,humanfood
ERR1763289,CRON_CRONdietAdLib,humanfood
ERR1763290,CRON_AMERdietAdLib,humanfood
ERR1763291,CRON_AMERdietAdLib,humanfood
ERR1763292,CRON_AMERdietAdLib,humanfood
ERR1763293,CRON_AMERdietAdLib,humanfood
ERR1763294,CRON_AMERdietAdLib,humanfood
ERR1763295,CRON_AMERdietAdLib,humanfood
ERR1763296,CRON_AMERdietAdLib,humanfood
ERR1763297,CRON_AMERdietAdLib,humanfood
ERR1763299,CRON_AMERdietAdLib,humanfood
ERR1763300,CRON_AMERdietAdLib,humanfood
ERR1763301,CRON_AMERdietAdLib,humanfood
ERR1763302,CRON_AMERdietAdLib,humanfood
ERR1763303,CRON_AMERdietAdLib,humanfood
ERR1763304,CRON_CRONdietRestricted,humanfood
ERR1763305,CRON_CRONdietRestricted,humanfood
ERR1763306,CRON_CRONdietRestricted,humanfood
ERR1763307,CRON_CRONdietRestricted,humanfood
ERR1763308,CRON_CRONdietRestricted,humanfood
ERR1763310,CRON_CRONdietRestricted,humanfood
ERR1763311,CRON_CRONdietRestricted,humanfood
ERR1763312,CRON_CRONdietRestricted,humanfood
ERR1763313,CRON_CRONdietRestricted,humanfood
ERR1763314,CRON_CRONdietRestricted,humanfood
ERR1763315,CRON_CRONdietRestricted,humanfood
ERR1763316,CRON_CRONdietRestricted,humanfood
ERR1763317,CRON_CRONdietRestricted,humanfood
ERR1763318,CRON_CRONdietAdLib,humanfood
ERR1763319,CRON_CRONdietAdLib,humanfood
ERR1763321,CRON_CRONdietAdLib,humanfood
ERR1763322,CRON_CRONdietAdLib,humanfood
ERR1763323,CRON_CRONdietAdLib,humanfood
ERR1763324,CRON_CRONdietAdLib,humanfood
ERR1763325,CRON_CRONdietAdLib,humanfood
ERR1763326,CRON_CRONdietAdLib,humanfood
ERR1763327,CRON_CRONdietAdLib,humanfood
ERR1763328,CRON_CRONdietAdLib,humanfood
ERR1763329,CRON_CRONdietAdLib,humanfood
ERR1763330,CRON_CRONdietAdLib,humanfood
ERR1763332,CRON_CRONdietRestricted,humanfood
ERR1763333,CRON_CRONdietRestricted,humanfood
ERR1763334,CRON_CRONdietRestricted,humanfood
ERR1763335,CRON_CRONdietRestricted,humanfood
ERR1763336,CRON_CRONdietRestricted,humanfood
ERR1763337,CRON_CRONdietRestricted,humanfood
ERR1763338,CRON_CRONdietRestricted,humanfood
ERR1763339,CRON_CRONdietRestricted,humanfood
ERR1763340,CRON_CRONdietRestricted,humanfood
ERR1763341,CRON_CRONdietRestricted,humanfood
ERR1763343,CRON_CRONdietRestricted,humanfood
ERR1763344,CRON_CRONdietRestricted,humanfood
ERR1763345,CRON_CRONdietRestricted,humanfood
ERR1763346,CRON_CRONdietAdLib,humanfood
ERR1763347,CRON_CRONdietAdLib,humanfood
ERR1763348,CRON_CRONdietAdLib,humanfood
ERR1763349,CRON_CRONdietAdLib,humanfood
ERR1763350,CRON_CRONdietAdLib,humanfood
ERR1763351,CRON_CRONdietAdLib,humanfood
ERR1763352,CRON_CRONdietAdLib,humanfood
ERR1763355,CRON_CRONdietAdLib,humanfood
ERR1763356,CRON_CRONdietAdLib,humanfood
ERR1763357,CRON_CRONdietAdLib,humanfood
ERR1763358,CRON_CRONdietAdLib,humanfood
ERR1763359,CRON_AMERdietAdLib,humanfood
ERR1763360,CRON_AMERdietAdLib,humanfood
ERR1763361,CRON_AMERdietAdLib,humanfood
ERR1763362,CRON_AMERdietAdLib,humanfood
ERR1763363,CRON_AMERdietAdLib,humanfood
ERR1763364,CRON_AMERdietAdLib,humanfood
ERR1763366,CRON_AMERdietAdLib,humanfood
ERR1763367,CRON_AMERdietAdLib,humanfood
ERR1763368,CRON_AMERdietAdLib,humanfood
ERR1763369,CRON_AMERdietAdLib,humanfood
ERR1763370,CRON_AMERdietAdLib,humanfood
ERR1763371,CRON_AMERdietAdLib,humanfood
ERR1763372,CRON_AMERdietAdLib,humanfood
ERR1763373,CRON_CRONdietRestricted,humanfood
ERR1763374,CRON_CRONdietRestricted,humanfood
ERR1763375,CRON_CRONdietRestricted,humanfood
ERR1763377,CRON_CRONdietRestricted,humanfood
ERR1763378,CRON_CRONdietRestricted,humanfood
ERR1763379,CRON_CRONdietRestricted,humanfood
ERR1763380,CRON_CRONdietRestricted,humanfood
ERR1763381,CRON_CRONdietRestricted,humanfood
ERR1763382,CRON_CRONdietRestricted,humanfood
ERR1763383,CRON_CRONdietRestricted,humanfood
ERR1763384,CRON_CRONdietRestricted,humanfood
ERR1763385,CRON_CRONdietRestricted,humanfood
ERR1763386,CRON_CRONdietRestricted,humanfood
ERR1763388,CRON_CRONdietAdLib,humanfood
ERR1763389,CRON_CRONdietAdLib,humanfood
ERR1763390,CRON_CRONdietAdLib,humanfood
ERR1763391,CRON_CRONdietAdLib,humanfood
ERR1763392,CRON_CRONdietAdLib,humanfood
ERR1763393,CRON_CRONdietAdLib,humanfood
ERR1763394,CRON_CRONdietAdLib,humanfood
ERR1763395,CRON_CRONdietAdLib,humanfood
ERR1763396,CRON_CRONdietAdLib,humanfood
ERR1763397,CRON_CRONdietAdLib,humanfood
ERR1763399,CRON_CRONdietAdLib,humanfood
ERR1763400,CRON_CRONdietAdLib,humanfood
ERR1763401,AMER_AMERdietAdLib,humanfood
ERR1763402,AMER_AMERdietAdLib,humanfood
ERR1763403,AMER_AMERdietAdLib,humanfood
ERR1763404,AMER_AMERdietAdLib,humanfood
ERR1763405,AMER_AMERdietAdLib,humanfood
ERR1763406,AMER_AMERdietAdLib,humanfood
ERR1763407,AMER_AMERdietAdLib,humanfood
ERR1763408,AMER_AMERdietAdLib,humanfood
ERR1763410,AMER_AMERdietAdLib,humanfood
ERR1763411,AMER_AMERdietAdLib,humanfood
ERR1763412,AMER_AMERdietAdLib,humanfood
ERR1763413,AMER_CRONdietRestricted,humanfood
ERR1763414,AMER_CRONdietRestricted,humanfood
ERR1763415,AMER_CRONdietRestricted,humanfood
ERR1763416,AMER_CRONdietRestricted,humanfood
ERR1763417,AMER_CRONdietRestricted,humanfood
ERR1763418,AMER_CRONdietRestricted,humanfood
ERR1763419,AMER_CRONdietRestricted,humanfood
ERR1763421,AMER_CRONdietRestricted,humanfood
ERR1763422,AMER_CRONdietRestricted,humanfood
ERR1763423,AMER_CRONdietRestricted,humanfood
ERR1763424,AMER_CRONdietRestricted,humanfood
ERR1763425,AMER_AMERdietRestricted,humanfood
ERR1763426,AMER_AMERdietRestricted,humanfood
ERR1763427,AMER_AMERdietRestricted,humanfood
ERR1763428,AMER_AMERdietRestricted,humanfood
ERR1763429,AMER_AMERdietRestricted,humanfood
ERR1763430,AMER_AMERdietRestricted,humanfood
ERR1763432,AMER_AMERdietRestricted,humanfood
ERR1763433,AMER_AMERdietRestricted,humanfood
ERR1763434,AMER_AMERdietRestricted,humanfood
ERR1763435,AMER_AMERdietRestricted,humanfood
ERR1763436,AMER_AMERdietRestricted,humanfood
ERR1763437,AMER_AMERdietRestricted,humanfood
ERR1763438,AMER_CRONdietRestricted,humanfood
ERR1763439,AMER_CRONdietRestricted,humanfood
ERR1763440,AMER_CRONdietRestricted,humanfood
ERR1763443,AMER_CRONdietRestricted,humanfood
ERR1763444,AMER_CRONdietRestricted,humanfood
ERR1763445,AMER_CRONdietRestricted,humanfood
ERR1763446,AMER_CRONdietRestricted,humanfood
ERR1763447,AMER_CRONdietRestricted,humanfood
ERR1763448,AMER_CRONdietRestricted,humanfood
ERR1763449,AMER_CRONdietRestricted,humanfood
ERR1763450,AMER_CRONdietRestricted,humanfood
ERR1763451,AMER_AMERdietRestricted,humanfood
ERR1763452,AMER_AMERdietRestricted,humanfood
ERR1763454,AMER_AMERdietRestricted,humanfood
ERR1763455,AMER_AMERdietRestricted,humanfood
ERR1763456,AMER_AMERdietRestricted,humanfood
ERR1763457,AMER_AMERdietRestricted,humanfood
ERR1763458,AMER_AMERdietRestricted,humanfood
ERR1763459,AMER_AMERdietRestricted,humanfood
ERR1763460,AMER_AMERdietRestricted,humanfood
ERR1763461,AMER_AMERdietRestricted,humanfood
ERR1763462,AMER_AMERdietRestricted,humanfood
ERR1763463,AMER_AMERdietAdLib,humanfood
ERR1763466,AMER_AMERdietAdLib,humanfood
ERR1763467,AMER_AMERdietAdLib,humanfood
ERR1763468,AMER_AMERdietAdLib,humanfood
ERR1763469,AMER_AMERdietAdLib,humanfood
ERR1763470,AMER_AMERdietAdLib,humanfood
ERR1763471,AMER_AMERdietAdLib,humanfood
ERR1763472,AMER_AMERdietAdLib,humanfood
ERR1763473,AMER_AMERdietAdLib,humanfood
ERR1763474,AMER_AMERdietAdLib,humanfood
ERR1763475,AMER_AMERdietAdLib,humanfood
ERR1763477,AMER_AMERdietAdLib,humanfood
ERR1763478,AMER_CRONdietRestricted,humanfood
ERR1763479,AMER_CRONdietRestricted,humanfood
ERR1763480,AMER_CRONdietRestricted,humanfood
ERR1763481,AMER_CRONdietRestricted,humanfood
ERR1763482,AMER_CRONdietRestricted,humanfood
ERR1763483,AMER_CRONdietRestricted,humanfood
ERR1763484,AMER_CRONdietRestricted,humanfood
ERR1763485,AMER_CRONdietRestricted,humanfood
ERR1763486,AMER_CRONdietRestricted,humanfood
ERR1763488,AMER_CRONdietRestricted,humanfood
ERR1763489,AMER_CRONdietRestricted,humanfood
ERR1763490,AMER_CRONdietRestricted,humanfood
ERR1763491,AMER_CRONdietRestricted,humanfood
ERR1763492,AMER_CRONdietRestricted,humanfood
ERR1763493,AMER_AMERdietAdLib,humanfood
ERR1763494,AMER_AMERdietAdLib,humanfood
ERR1763495,AMER_AMERdietAdLib,humanfood
ERR1763496,AMER_AMERdietAdLib,humanfood
ERR1763497,AMER_AMERdietAdLib,humanfood
ERR1763499,AMER_AMERdietAdLib,humanfood
ERR1763500,AMER_AMERdietAdLib,humanfood
ERR1763501,AMER_AMERdietAdLib,humanfood
ERR1763502,AMER_AMERdietAdLib,humanfood
ERR1763503,AMER_AMERdietAdLib,humanfood
ERR1763504,AMER_AMERdietAdLib,humanfood
ERR1763505,AMER_AMERdietAdLib,humanfood
ERR1763506,AMER_CRONdietRestricted,humanfood
ERR1763507,AMER_CRONdietRestricted,humanfood
ERR1763508,AMER_CRONdietRestricted,humanfood
ERR1763510,AMER_CRONdietRestricted,humanfood
ERR1763511,AMER_CRONdietRestricted,humanfood
ERR1763512,AMER_CRONdietRestricted,humanfood
ERR1763513,AMER_CRONdietRestricted,humanfood
ERR1763514,AMER_CRONdietRestricted,humanfood
ERR1763515,AMER_CRONdietRestricted,humanfood
ERR1763516,AMER_CRONdietRestricted,humanfood
ERR1763517,AMER_CRONdietRestricted,humanfood
ERR1763518,AMER_CRONdietRestricted,humanfood
ERR1763519,AMER_CRONdietRestricted,humanfood
ERR1763521,AMER_CRONdietRestricted,humanfood
ERR1763522,AMER_AMERdietRestricted,humanfood
ERR1763523,AMER_AMERdietRestricted,humanfood
ERR1763524,AMER_AMERdietRestricted,humanfood
ERR1763525,AMER_AMERdietRestricted,humanfood
ERR1763526,AMER_AMERdietRestricted,humanfood
ERR1763527,AMER_AMERdietRestricted,humanfood
ERR1763528,AMER_AMERdietRestricted,humanfood
ERR1763529,AMER_AMERdietRestricted,humanfood
ERR1763530,AMER_AMERdietRestricted,humanfood
ERR1763532,AMER_AMERdietRestricted,humanfood
ERR1763533,AMER_AMERdietRestricted,humanfood
ERR1763534,AMER_AMERdietRestricted,humanfood
ERR1763535,AMER_AMERdietAdLib,humanfood
ERR1763536,AMER_AMERdietAdLib,humanfood
ERR1763537,AMER_AMERdietAdLib,humanfood
ERR1763538,AMER_AMERdietAdLib,humanfood
ERR1763539,AMER_AMERdietAdLib,humanfood
ERR1763540,AMER_AMERdietAdLib,humanfood
ERR1763541,AMER_AMERdietAdLib,humanfood
ERR1763543,AMER_AMERdietAdLib,humanfood
ERR1763544,AMER_AMERdietAdLib,humanfood
ERR1763545,AMER_AMERdietAdLib,humanfood
ERR1763546,AMER_AMERdietAdLib,humanfood
ERR1763547,AMER_AMERdietAdLib,humanfood
ERR1763548,AMER_CRONdietRestricted,humanfood
ERR1763549,AMER_CRONdietRestricted,humanfood
ERR1763550,AMER_CRONdietRestricted,humanfood
ERR1763551,AMER_CRONdietRestricted,humanfood
ERR1763552,AMER_CRONdietRestricted,humanfood
ERR1763554,AMER_CRONdietRestricted,humanfood
ERR1763555,AMER_CRONdietRestricted,humanfood
ERR1763556,AMER_CRONdietRestricted,humanfood
ERR1763557,AMER_CRONdietRestricted,humanfood
ERR1763558,AMER_CRONdietRestricted,humanfood
ERR1763559,AMER_CRONdietRestricted,humanfood
ERR1763560,AMER_CRONdietRestricted,humanfood
ERR1763561,AMER_CRONdietRestricted,humanfood
ERR1763562,AMER_AMERdietRestricted,humanfood
ERR1763563,AMER_AMERdietRestricted,humanfood
ERR1763565,AMER_AMERdietRestricted,humanfood
ERR1763566,AMER_AMERdietRestricted,humanfood
ERR1763567,AMER_AMERdietRestricted,humanfood
ERR1763568,AMER_AMERdietRestricted,humanfood
ERR1763569,AMER_AMERdietRestricted,humanfood
ERR1763570,AMER_AMERdietRestricted,humanfood
ERR1763571,AMER_AMERdietRestricted,humanfood
ERR1763572,AMER_AMERdietRestricted,humanfood
ERR1763573,AMER_AMERdietRestricted,humanfood
ERR1763574,CRON_AMERdietAdLib,humanfood
ERR1763577,CRON_CRONdietRestricted,humanfood
ERR1763578,CRON_CRONdietAdLib,humanfood
ERR1763579,CRON_AMERdietAdLib,humanfood
ERR1763580,CRON_CRONdietRestricted,humanfood
ERR1763581,CRON_CRONdietAdLib,humanfood
ERR1763582,CRON_AMERdietAdLib,humanfood
ERR1763583,CRON_CRONdietRestricted,humanfood
ERR1763584,CRON_CRONdietAdLib,humanfood
ERR1763585,CRON_CRONdietRestricted,humanfood
ERR1763586,CRON_CRONdietAdLib,humanfood
ERR1763588,CRON_AMERdietAdLib,humanfood
ERR1763589,CRON_CRONdietRestricted,humanfood
ERR1763590,CRON_CRONdietAdLib,humanfood
ERR1763591,AMER_AMERdietAdLib,humanfood
ERR1763593,AMER_AMERdietRestricted,humanfood
ERR1763594,AMER_CRONdietRestricted,humanfood
ERR1763595,AMER_AMERdietRestricted,humanfood
ERR1763596,AMER_AMERdietAdLib,humanfood
ERR1763597,AMER_CRONdietRestricted,humanfood
ERR1763599,AMER_AMERdietAdLib,humanfood
ERR1763600,AMER_CRONdietRestricted,humanfood
ERR1763601,AMER_AMERdietRestricted,humanfood
ERR1763602,AMER_AMERdietAdLib,humanfood
ERR1763603,AMER_CRONdietRestricted,humanfood
ERR1763604,AMER_AMERdietRestricted,humanfood
ERR1763605,CRON_sample,mousefood
ERR1763606,CRON_sample,mousefood
ERR1763607,CRON_sample,mousefood
ERR1763608,CRON_sample,mousefood
ERR1763610,AMER_sample,mousefood
ERR1763611,AMER_sample,mousefood
ERR1763612,AMER_Control[Cohousing]CRONdietRestricted,humanfood
ERR1763613,AMER_Control[Cohousing]CRONdietRestricted,humanfood
ERR1763614,AMER_Control[Cohousing]CRONdietRestricted,humanfood
ERR1763615,AMER_Control[Cohousing]CRONdietRestricted,humanfood
ERR1763616,AMER_Control[Cohousing]CRONdietRestricted,humanfood
ERR1763617,AMER_Control[Cohousing]CRONdietRestricted,humanfood
ERR1763618,AMER_Control[Cohousing]CRONdietRestricted,humanfood
ERR1763619,AMER_Control[Cohousing]CRONdietRestricted,humanfood
ERR1763621,AMER_Control[Cohousing]CRONdietRestricted,humanfood
ERR1763622,AMER_Control[Cohousing]CRONdietRestricted,humanfood
ERR1763623,AMER_ControlDietAMERdietAdLib,humanfood
ERR1763624,AMER_ControlDietAMERdietAdLib,humanfood
ERR1763625,AMER_ControlDietAMERdietAdLib,humanfood
ERR1763626,AMER_ControlDietAMERdietAdLib,humanfood
ERR1763627,AMER_ControlDietCRONdietRestricted,humanfood
ERR1763628,AMER_ControlDietCRONdietRestricted,humanfood
ERR1763629,AMER_ControlDietCRONdietRestricted,humanfood
ERR1763630,AMER_ControlDietCRONdietRestricted,humanfood
ERR1763632,AMER_ControlCRONdietCRONdietRestricted,humanfood
ERR1763633,AMER_ControlCRONdietCRONdietRestricted,humanfood
ERR1763634,AMER_ControlCRONdietCRONdietRestricted,humanfood
ERR1763635,AMER_ControlCRONdietCRONdietRestricted,humanfood
ERR1763636,AMER_ControlCRONdietCRONdietRestricted,humanfood
ERR1763637,AMER_Control[postCohousing]CRONdietRestricted,humanfood
ERR1763638,AMER_Control[postCohousing]CRONdietRestricted,humanfood
ERR1763639,AMER_Control[postCohousing]CRONdietRestricted,humanfood
ERR1763640,AMER_Control[postCohousing]CRONdietRestricted,humanfood
ERR1763641,AMER_Control[Cohousing]CRONdietRestricted,humanfood
ERR1763643,AMER_Control[Cohousing]CRONdietRestricted,humanfood
ERR1763644,AMER_Control[Cohousing]CRONdietRestricted,humanfood
ERR1763645,AMER_Control[Cohousing]CRONdietRestricted,humanfood
ERR1763646,AMER_Control[Cohousing]CRONdietRestricted,humanfood
ERR1763647,AMER_Control[Cohousing]CRONdietRestricted,humanfood
ERR1763648,AMER_Control[Cohousing]CRONdietRestricted,humanfood
ERR1763649,AMER_Control[Cohousing]CRONdietRestricted,humanfood
ERR1763650,AMER_Control[Cohousing]CRONdietRestricted,humanfood
ERR1763651,AMER_Control[Cohousing]CRONdietRestricted,humanfood
ERR1763652,AMER_ControlDietAMERdietAdLib,humanfood
ERR1763654,AMER_ControlDietAMERdietAdLib,humanfood
ERR1763655,AMER_ControlDietAMERdietAdLib,humanfood
ERR1763656,AMER_ControlDietAMERdietAdLib,humanfood
ERR1763657,AMER_ControlDietCRONdietRestricted,humanfood
ERR1763658,AMER_ControlDietCRONdietRestricted,humanfood
ERR1763659,AMER_ControlDietCRONdietRestricted,humanfood
ERR1763660,AMER_ControlDietCRONdietRestricted,humanfood
ERR1763661,AMER_ControlCRONdietCRONdietRestricted,humanfood
ERR1763662,AMER_ControlCRONdietCRONdietRestricted,humanfood
ERR1763663,AMER_ControlCRONdietCRONdietRestricted,humanfood
ERR1763665,AMER_ControlCRONdietCRONdietRestricted,humanfood
ERR1763666,AMER_ControlCRONdietCRONdietRestricted,humanfood
ERR1763667,AMER_Control[postCohousing]CRONdietRestricted,humanfood
ERR1763668,AMER_Control[postCohousing]CRONdietRestricted,humanfood
ERR1763669,AMER_Control[postCohousing]CRONdietRestricted,humanfood
ERR1763670,AMER_Control[postCohousing]CRONdietRestricted,humanfood
ERR1763671,AMER_Control[Cohousing]CRONdietRestricted,humanfood
ERR1763672,AMER_Control[Cohousing]CRONdietRestricted,humanfood
ERR1763673,AMER_Control[Cohousing]CRONdietRestricted,humanfood
ERR1763674,AMER_Control[Cohousing]CRONdietRestricted,humanfood
ERR1763676,AMER_Control[Cohousing]CRONdietRestricted,humanfood
ERR1763677,AMER_Control[Cohousing]CRONdietRestricted,humanfood
ERR1763678,AMER_Control[Cohousing]CRONdietRestricted,humanfood
ERR1763679,AMER_Control[Cohousing]CRONdietRestricted,humanfood
ERR1763680,AMER_Control[Cohousing]CRONdietRestricted,humanfood
ERR1763681,AMER_Control[Cohousing]CRONdietRestricted,humanfood
ERR1763682,AMER_ControlDietAMERdietAdLib,humanfood
ERR1763683,AMER_ControlDietAMERdietAdLib,humanfood
ERR1763684,AMER_ControlDietAMERdietAdLib,humanfood
ERR1763685,AMER_ControlDietAMERdietAdLib,humanfood
ERR1763688,AMER_ControlDietCRONdietRestricted,humanfood
ERR1763689,AMER_ControlDietCRONdietRestricted,humanfood
ERR1763690,AMER_ControlDietCRONdietRestricted,humanfood
ERR1763691,AMER_ControlDietCRONdietRestricted,humanfood
ERR1763692,AMER_ControlCRONdietCRONdietRestricted,humanfood
ERR1763693,AMER_ControlCRONdietCRONdietRestricted,humanfood
ERR1763694,AMER_ControlCRONdietCRONdietRestricted,humanfood
ERR1763695,AMER_ControlCRONdietCRONdietRestricted,humanfood
ERR1763696,AMER_ControlCRONdietCRONdietRestricted,humanfood
ERR1763697,AMER_ControlCRONdietCRONdietRestricted,humanfood
ERR1763699,AMER_Control[postCohousing]CRONdietRestricted,humanfood
ERR1763700,AMER_Control[postCohousing]CRONdietRestricted,humanfood
ERR1763701,AMER_Control[postCohousing]CRONdietRestricted,humanfood
ERR1763702,AMER_Control[postCohousing]CRONdietRestricted,humanfood
ERR1763703,AMER_Control[Cohousing]CRONdietRestricted,humanfood
ERR1763704,AMER_Control[Cohousing]CRONdietRestricted,humanfood
ERR1763705,AMER_Control[Cohousing]CRONdietRestricted,humanfood
ERR1763706,AMER_Control[Cohousing]CRONdietRestricted,humanfood
ERR1763707,AMER_Control[Cohousing]CRONdietRestricted,humanfood
ERR1763708,AMER_Control[Cohousing]CRONdietRestricted,humanfood
ERR1763710,AMER_Control[Cohousing]CRONdietRestricted,humanfood
ERR1763711,AMER_Control[Cohousing]CRONdietRestricted,humanfood
ERR1763712,AMER_Control[Cohousing]CRONdietRestricted,humanfood
ERR1763713,AMER_Control[Cohousing]CRONdietRestricted,humanfood
ERR1763714,AMER_ControlDietAMERdietAdLib,humanfood
ERR1763715,AMER_ControlDietAMERdietAdLib,humanfood
ERR1763716,AMER_ControlDietAMERdietAdLib,humanfood
ERR1763717,AMER_ControlDietAMERdietAdLib,humanfood
ERR1763718,AMER_ControlDietCRONdietRestricted,humanfood
ERR1763719,AMER_ControlDietCRONdietRestricted,humanfood
ERR1763721,AMER_ControlDietCRONdietRestricted,humanfood
ERR1763722,AMER_ControlDietCRONdietRestricted,humanfood
ERR1763723,AMER_ControlCRONdietCRONdietRestricted,humanfood
ERR1763724,AMER_ControlCRONdietCRONdietRestricted,humanfood
ERR1763725,AMER_ControlCRONdietCRONdietRestricted,humanfood
ERR1763726,AMER_ControlCRONdietCRONdietRestricted,humanfood
ERR1763727,AMER_ControlCRONdietCRONdietRestricted,humanfood
ERR1763728,AMER_ControlCRONdietCRONdietRestricted,humanfood
ERR1763729,AMER_Control[postCohousing]CRONdietRestricted,humanfood
ERR1763730,AMER_Control[postCohousing]CRONdietRestricted,humanfood
ERR1763732,AMER_Control[Cohousing]CRONdietRestricted,humanfood
ERR1763733,AMER_Control[Cohousing]CRONdietRestricted,humanfood
ERR1763734,AMER_Control[Cohousing]CRONdietRestricted,humanfood
ERR1763735,AMER_Control[Cohousing]CRONdietRestricted,humanfood
ERR1763736,AMER_Control[Cohousing]CRONdietRestricted,humanfood
ERR1763737,AMER_Control[Cohousing]CRONdietRestricted,humanfood
ERR1763738,AMER_Control[Cohousing]CRONdietRestricted,humanfood
ERR1763739,AMER_Control[Cohousing]CRONdietRestricted,humanfood
ERR1763740,AMER_Control[Cohousing]CRONdietRestricted,humanfood
ERR1763741,AMER_Control[Cohousing]CRONdietRestricted,humanfood
ERR1763743,AMER_ControlDietAMERdietAdLib,humanfood
ERR1763744,AMER_ControlDietAMERdietAdLib,humanfood
ERR1763745,AMER_ControlDietAMERdietAdLib,humanfood
ERR1763746,AMER_ControlDietAMERdietAdLib,humanfood
ERR1763747,AMER_ControlDietCRONdietRestricted,humanfood
ERR1763748,AMER_ControlDietCRONdietRestricted,humanfood
ERR1763749,AMER_ControlDietCRONdietRestricted,humanfood
ERR1763750,AMER_ControlDietCRONdietRestricted,humanfood
ERR1763751,AMER_ControlCRONdietCRONdietRestricted,humanfood
ERR1763752,AMER_ControlCRONdietCRONdietRestricted,humanfood
ERR1763754,AMER_ControlCRONdietCRONdietRestricted,humanfood
ERR1763755,AMER_ControlCRONdietCRONdietRestricted,humanfood
ERR1763756,AMER_ControlCRONdietCRONdietRestricted,humanfood
ERR1763757,AMER_ControlCRONdietCRONdietRestricted,humanfood
ERR1763758,AMER_Control[postCohousing]CRONdietRestricted,humanfood
ERR1763759,AMER_Control[postCohousing]CRONdietRestricted,humanfood
ERR1763760,AMER_Control[postCohousing]CRONdietRestricted,humanfood
ERR1763761,AMER_Control[postCohousing]CRONdietRestricted,humanfood
ERR1763762,AMER_[Target][Cohousing]CRONdietRestricted,humanfood
ERR1763763,AMER_[Target][Cohousing]CRONdietRestricted,humanfood
ERR1763765,AMER_[Target][Cohousing]CRONdietRestricted,humanfood
ERR1763766,AMER_[Target][Cohousing]CRONdietRestricted,humanfood
ERR1763767,AMER_[Target][Cohousing]CRONdietRestricted,humanfood
ERR1763768,AMER_[Target][Cohousing]CRONdietRestricted,humanfood
ERR1763769,AMER_[Target][Cohousing]CRONdietRestricted,humanfood
ERR1763770,AMER_[Target][Cohousing]CRONdietRestricted,humanfood
ERR1763771,AMER_[Target][Cohousing]CRONdietRestricted,humanfood
ERR1763772,AMER_[Target][Cohousing]CRONdietRestricted,humanfood
ERR1763773,AMER_[Target]DietAMERdietAdLib,humanfood
ERR1763774,AMER_[Target]DietAMERdietAdLib,humanfood
ERR1763776,AMER_[Target]DietAMERdietAdLib,humanfood
ERR1763777,AMER_[Target]DietCRONdietRestricted,humanfood
ERR1763778,AMER_[Target]DietCRONdietRestricted,humanfood
ERR1763779,AMER_[Target]DietCRONdietRestricted,humanfood
ERR1763780,AMER_[Target]DietCRONdietRestricted,humanfood
ERR1763781,AMER_[Target]CRONdietCRONdietRestricted,humanfood
ERR1763782,AMER_[Target]CRONdietCRONdietRestricted,humanfood
ERR1763783,AMER_[Target]CRONdietCRONdietRestricted,humanfood
ERR1763784,AMER_[Target]CRONdietCRONdietRestricted,humanfood
ERR1763785,AMER_[Target]CRONdietCRONdietRestricted,humanfood
ERR1763787,AMER_[Target]CRONdietCRONdietRestricted,humanfood
ERR1763788,AMER_[Target][postCohousing]CRONdietRestricted,humanfood
ERR1763789,AMER_[Target][postCohousing]CRONdietRestricted,humanfood
ERR1763790,AMER_[Target][postCohousing]CRONdietRestricted,humanfood
ERR1763791,AMER_[Target][postCohousing]CRONdietRestricted,humanfood
ERR1763792,AMER_[Target][Cohousing]CRONdietRestricted,humanfood
ERR1763793,AMER_[Target][Cohousing]CRONdietRestricted,humanfood
ERR1763794,AMER_[Target][Cohousing]CRONdietRestricted,humanfood
ERR1763795,AMER_[Target][Cohousing]CRONdietRestricted,humanfood
ERR1763796,AMER_[Target][Cohousing]CRONdietRestricted,humanfood
ERR1763799,AMER_[Target][Cohousing]CRONdietRestricted,humanfood
ERR1763800,AMER_[Target][Cohousing]CRONdietRestricted,humanfood
ERR1763801,AMER_[Target][Cohousing]CRONdietRestricted,humanfood
ERR1763802,AMER_[Target][Cohousing]CRONdietRestricted,humanfood
ERR1763803,AMER_[Target][Cohousing]CRONdietRestricted,humanfood
ERR1763804,AMER_[Target]DietAMERdietAdLib,humanfood
ERR1763805,AMER_[Target]DietAMERdietAdLib,humanfood
ERR1763806,AMER_[Target]DietAMERdietAdLib,humanfood
ERR1763807,AMER_[Target]DietAMERdietAdLib,humanfood
ERR1763808,AMER_[Target]DietCRONdietRestricted,humanfood
ERR1763810,AMER_[Target]DietCRONdietRestricted,humanfood
ERR1763811,AMER_[Target]DietCRONdietRestricted,humanfood
ERR1763812,AMER_[Target]DietCRONdietRestricted,humanfood
ERR1763813,AMER_[Target]CRONdietCRONdietRestricted,humanfood
ERR1763814,AMER_[Target]CRONdietCRONdietRestricted,humanfood
ERR1763815,AMER_[Target]CRONdietCRONdietRestricted,humanfood
ERR1763816,AMER_[Target]CRONdietCRONdietRestricted,humanfood
ERR1763817,AMER_[Target]CRONdietCRONdietRestricted,humanfood
ERR1763818,AMER_[Target][postCohousing]CRONdietRestricted,humanfood
ERR1763819,AMER_[Target][postCohousing]CRONdietRestricted,humanfood
ERR1763821,AMER_[Target][postCohousing]CRONdietRestricted,humanfood
ERR1763822,AMER_[Target][postCohousing]CRONdietRestricted,humanfood
ERR1763823,AMER_[Target][Cohousing]CRONdietRestricted,humanfood
ERR1763824,AMER_[Target][Cohousing]CRONdietRestricted,humanfood
ERR1763825,AMER_[Target][Cohousing]CRONdietRestricted,humanfood
ERR1763826,AMER_[Target][Cohousing]CRONdietRestricted,humanfood
ERR1763827,AMER_[Target][Cohousing]CRONdietRestricted,humanfood
ERR1763828,AMER_[Target][Cohousing]CRONdietRestricted,humanfood
ERR1763829,AMER_[Target][Cohousing]CRONdietRestricted,humanfood
ERR1763830,AMER_[Target][Cohousing]CRONdietRestricted,humanfood
ERR1763832,AMER_[Target][Cohousing]CRONdietRestricted,humanfood
ERR1763833,AMER_[Target]DietAMERdietAdLib,humanfood
ERR1763834,AMER_[Target]DietAMERdietAdLib,humanfood
ERR1763835,AMER_[Target]DietAMERdietAdLib,humanfood
ERR1763836,AMER_[Target]DietAMERdietAdLib,humanfood
ERR1763837,AMER_[Target]DietCRONdietRestricted,humanfood
ERR1763838,AMER_[Target]DietCRONdietRestricted,humanfood
ERR1763839,AMER_[Target]DietCRONdietRestricted,humanfood
ERR1763840,AMER_[Target]DietCRONdietRestricted,humanfood
ERR1763841,AMER_[Target]CRONdietCRONdietRestricted,humanfood
ERR1763843,AMER_[Target]CRONdietCRONdietRestricted,humanfood
ERR1763844,AMER_[Target]CRONdietCRONdietRestricted,humanfood
ERR1763845,AMER_[Target]CRONdietCRONdietRestricted,humanfood
ERR1763846,AMER_[Target]CRONdietCRONdietRestricted,humanfood
ERR1763847,AMER_[Target][postCohousing]CRONdietRestricted,humanfood
ERR1763848,AMER_[Target][postCohousing]CRONdietRestricted,humanfood
ERR1763849,AMER_[Target][postCohousing]CRONdietRestricted,humanfood
ERR1763850,AMER_[Target][postCohousing]CRONdietRestricted,humanfood
ERR1763851,AMER_[Target][Cohousing]CRONdietRestricted,humanfood
ERR1763852,AMER_[Target][Cohousing]CRONdietRestricted,humanfood
ERR1763854,AMER_[Target][Cohousing]CRONdietRestricted,humanfood
ERR1763855,AMER_[Target][Cohousing]CRONdietRestricted,humanfood
ERR1763856,AMER_[Target][Cohousing]CRONdietRestricted,humanfood
ERR1763857,AMER_[Target][Cohousing]CRONdietRestricted,humanfood
ERR1763858,AMER_[Target][Cohousing]CRONdietRestricted,humanfood
ERR1763859,AMER_[Target][Cohousing]CRONdietRestricted,humanfood
ERR1763860,AMER_[Target][Cohousing]CRONdietRestricted,humanfood
ERR1763861,AMER_[Target][Cohousing]CRONdietRestricted,humanfood
ERR1763862,AMER_[Target]DietAMERdietAdLib,humanfood
ERR1763863,AMER_[Target]DietAMERdietAdLib,humanfood
ERR1763865,AMER_[Target]DietAMERdietAdLib,humanfood
ERR1763866,AMER_[Target]DietAMERdietAdLib,humanfood
ERR1763867,AMER_[Target]DietCRONdietRestricted,humanfood
ERR1763868,AMER_[Target]DietCRONdietRestricted,humanfood
ERR1763869,AMER_[Target]DietCRONdietRestricted,humanfood
ERR1763870,AMER_[Target]DietCRONdietRestricted,humanfood
ERR1763871,AMER_[Target]CRONdietCRONdietRestricted,humanfood
ERR1763872,AMER_[Target]CRONdietCRONdietRestricted,humanfood
ERR1763873,AMER_[Target]CRONdietCRONdietRestricted,humanfood
ERR1763874,AMER_[Target]CRONdietCRONdietRestricted,humanfood
ERR1763876,AMER_[Target]CRONdietCRONdietRestricted,humanfood
ERR1763877,AMER_[Target]CRONdietCRONdietRestricted,humanfood
ERR1763878,AMER_[Target][postCohousing]CRONdietRestricted,humanfood
ERR1763879,AMER_[Target][postCohousing]CRONdietRestricted,humanfood
ERR1763880,AMER_[Target][postCohousing]CRONdietRestricted,humanfood
ERR1763881,AMER_[Target][postCohousing]CRONdietRestricted,humanfood
ERR1763882,AMER_[Target][Cohousing]CRONdietRestricted,humanfood
ERR1763883,AMER_[Target][Cohousing]CRONdietRestricted,humanfood
ERR1763884,AMER_[Target][Cohousing]CRONdietRestricted,humanfood
ERR1763885,AMER_[Target][Cohousing]CRONdietRestricted,humanfood
ERR1763887,AMER_[Target][Cohousing]CRONdietRestricted,humanfood
ERR1763888,AMER_[Target][Cohousing]CRONdietRestricted,humanfood
ERR1763889,AMER_[Target][Cohousing]CRONdietRestricted,humanfood
ERR1763890,AMER_[Target][Cohousing]CRONdietRestricted,humanfood
ERR1763891,AMER_[Target][Cohousing]CRONdietRestricted,humanfood
ERR1763892,AMER_[Target][Cohousing]CRONdietRestricted,humanfood
ERR1763893,AMER_[Target]DietAMERdietAdLib,humanfood
ERR1763894,AMER_[Target]DietAMERdietAdLib,humanfood
ERR1763895,AMER_[Target]DietAMERdietAdLib,humanfood
ERR1763896,AMER_[Target]DietAMERdietAdLib,humanfood
ERR1763898,AMER_[Target]DietCRONdietRestricted,humanfood
ERR1763899,AMER_[Target]DietCRONdietRestricted,humanfood
ERR1763900,AMER_[Target]DietCRONdietRestricted,humanfood
ERR1763901,AMER_[Target]DietCRONdietRestricted,humanfood
ERR1763902,AMER_[Target]CRONdietCRONdietRestricted,humanfood
ERR1763903,AMER_[Target]CRONdietCRONdietRestricted,humanfood
ERR1763904,AMER_[Target]CRONdietCRONdietRestricted,humanfood
ERR1763905,AMER_[Target]CRONdietCRONdietRestricted,humanfood
ERR1763906,AMER_[Target]CRONdietCRONdietRestricted,humanfood
ERR1763907,AMER_[Target]CRONdietCRONdietRestricted,humanfood
ERR1763910,AMER_[Target][postCohousing]CRONdietRestricted,humanfood
ERR1763911,AMER_[Target][postCohousing]CRONdietRestricted,humanfood
ERR1763912,AMER_[Target][postCohousing]CRONdietRestricted,humanfood
ERR1763913,AMER_[Target][postCohousing]CRONdietRestricted,humanfood
ERR1763914,CRON_[Cohousing]CRONdietRestricted,humanfood
ERR1763915,CRON_[Cohousing]CRONdietRestricted,humanfood
ERR1763916,CRON_[Cohousing]CRONdietRestricted,humanfood
ERR1763917,CRON_[Cohousing]CRONdietRestricted,humanfood
ERR1763918,CRON_[Cohousing]CRONdietRestricted,humanfood
ERR1763919,CRON_[Cohousing]CRONdietRestricted,humanfood
ERR1763921,CRON_[Cohousing]CRONdietRestricted,humanfood
ERR1763922,CRON_[Cohousing]CRONdietRestricted,humanfood
ERR1763923,CRON_[Cohousing]CRONdietRestricted,humanfood
ERR1763924,CRON_[Cohousing]CRONdietRestricted,humanfood
ERR1763925,CRON_DietCRONdietRestricted,humanfood
ERR1763926,CRON_DietCRONdietRestricted,humanfood
ERR1763927,CRON_DietCRONdietRestricted,humanfood
ERR1763928,CRON_DietCRONdietRestricted,humanfood
ERR1763929,CRON_DietAMERdietAdLib,humanfood
ERR1763930,CRON_DietAMERdietAdLib,humanfood
ERR1763932,CRON_DietAMERdietAdLib,humanfood
ERR1763933,CRON_DietAMERdietAdLib,humanfood
ERR1763934,CRON_CRONdietCRONdietRestricted,humanfood
ERR1763935,CRON_CRONdietCRONdietRestricted,humanfood
ERR1763936,CRON_CRONdietCRONdietRestricted,humanfood
ERR1763937,CRON_CRONdietCRONdietRestricted,humanfood
ERR1763938,CRON_CRONdietCRONdietRestricted,humanfood
ERR1763939,CRON_CRONdietCRONdietRestricted,humanfood
ERR1763940,CRON_[postCohousing]CRONdietRestricted,humanfood
ERR1763941,CRON_[postCohousing]CRONdietRestricted,humanfood
ERR1763943,CRON_[postCohousing]CRONdietRestricted,humanfood
ERR1763944,CRON_[postCohousing]CRONdietRestricted,humanfood
ERR1763945,CRON_[Cohousing]CRONdietRestricted,humanfood
ERR1763946,CRON_[Cohousing]CRONdietRestricted,humanfood
ERR1763947,CRON_[Cohousing]CRONdietRestricted,humanfood
ERR1763948,CRON_[Cohousing]CRONdietRestricted,humanfood
ERR1763949,CRON_[Cohousing]CRONdietRestricted,humanfood
ERR1763950,CRON_[Cohousing]CRONdietRestricted,humanfood
ERR1763951,CRON_[Cohousing]CRONdietRestricted,humanfood
ERR1763952,CRON_[Cohousing]CRONdietRestricted,humanfood
ERR1763954,CRON_[Cohousing]CRONdietRestricted,humanfood
ERR1763955,CRON_[Cohousing]CRONdietRestricted,humanfood
ERR1763956,CRON_DietCRONdietRestricted,humanfood
ERR1763957,CRON_DietCRONdietRestricted,humanfood
ERR1763958,CRON_DietCRONdietRestricted,humanfood
ERR1763959,CRON_DietCRONdietRestricted,humanfood
ERR1763960,CRON_DietAMERdietAdLib,humanfood
ERR1763961,CRON_DietAMERdietAdLib,humanfood
ERR1763962,CRON_DietAMERdietAdLib,humanfood
ERR1763963,CRON_DietAMERdietAdLib,humanfood
ERR1763965,CRON_CRONdietCRONdietRestricted,humanfood
ERR1763966,CRON_CRONdietCRONdietRestricted,humanfood
ERR1763967,CRON_CRONdietCRONdietRestricted,humanfood
ERR1763968,CRON_CRONdietCRONdietRestricted,humanfood
ERR1763969,CRON_CRONdietCRONdietRestricted,humanfood
ERR1763970,CRON_CRONdietCRONdietRestricted,humanfood
ERR1763971,CRON_[postCohousing]CRONdietRestricted,humanfood
ERR1763972,CRON_[postCohousing]CRONdietRestricted,humanfood
ERR1763973,CRON_[postCohousing]CRONdietRestricted,humanfood
ERR1763974,CRON_[postCohousing]CRONdietRestricted,humanfood
ERR1763976,CRON_[Cohousing]CRONdietRestricted,humanfood
ERR1763977,CRON_[Cohousing]CRONdietRestricted,humanfood
ERR1763978,CRON_[Cohousing]CRONdietRestricted,humanfood
ERR1763979,CRON_[Cohousing]CRONdietRestricted,humanfood
ERR1763980,CRON_[Cohousing]CRONdietRestricted,humanfood
ERR1763981,CRON_[Cohousing]CRONdietRestricted,humanfood
ERR1763982,CRON_[Cohousing]CRONdietRestricted,humanfood
ERR1763983,CRON_[Cohousing]CRONdietRestricted,humanfood
ERR1763984,CRON_[Cohousing]CRONdietRestricted,humanfood
ERR1763985,CRON_[Cohousing]CRONdietRestricted,humanfood
ERR1763987,CRON_DietCRONdietRestricted,humanfood
ERR1763988,CRON_DietCRONdietRestricted,humanfood
ERR1763989,CRON_DietCRONdietRestricted,humanfood
ERR1763990,CRON_DietCRONdietRestricted,humanfood
ERR1763991,CRON_DietAMERdietAdLib,humanfood
ERR1763992,CRON_DietAMERdietAdLib,humanfood
ERR1763993,CRON_DietAMERdietAdLib,humanfood
ERR1763994,CRON_DietAMERdietAdLib,humanfood
ERR1763995,CRON_CRONdietCRONdietRestricted,humanfood
ERR1763996,CRON_CRONdietCRONdietRestricted,humanfood
ERR1763998,CRON_CRONdietCRONdietRestricted,humanfood
ERR1763999,CRON_CRONdietCRONdietRestricted,humanfood
ERR1764000,CRON_CRONdietCRONdietRestricted,humanfood
ERR1764001,CRON_[postCohousing]CRONdietRestricted,humanfood
ERR1764002,CRON_[postCohousing]CRONdietRestricted,humanfood
ERR1764003,CRON_[postCohousing]CRONdietRestricted,humanfood
ERR1764004,CRON_[postCohousing]CRONdietRestricted,humanfood
ERR1764005,CRON_[Cohousing]CRONdietRestricted,humanfood
ERR1764006,CRON_[Cohousing]CRONdietRestricted,humanfood
ERR1764007,CRON_[Cohousing]CRONdietRestricted,humanfood
ERR1764009,CRON_[Cohousing]CRONdietRestricted,humanfood
ERR1764010,CRON_[Cohousing]CRONdietRestricted,humanfood
ERR1764011,CRON_[Cohousing]CRONdietRestricted,humanfood
ERR1764012,CRON_[Cohousing]CRONdietRestricted,humanfood
ERR1764013,CRON_[Cohousing]CRONdietRestricted,humanfood
ERR1764014,CRON_[Cohousing]CRONdietRestricted,humanfood
ERR1764015,CRON_[Cohousing]CRONdietRestricted,humanfood
ERR1764016,CRON_DietCRONdietRestricted,humanfood
ERR1764017,CRON_DietCRONdietRestricted,humanfood
ERR1764018,CRON_DietCRONdietRestricted,humanfood
ERR1775908,Control,mousefood
ERR661366,ObeseLow,mousefood
ERR661367,ObeseLow,mousefood
ERR661368,ObeseLow,mousefood
ERR661369,ObeseLow,mousefood
ERR661372,ObeseLow,mousefood
ERR661373,ObeseLow,mousefood
ERR661374,ObeseLow,mousefood
ERR661375,ObeseLow,mousefood
ERR661378,ObeseLow,mousefood
ERR661379,ObeseLow,mousefood
ERR661380,ObeseLow,mousefood
ERR661381,ObeseLow,mousefood
ERR661384,NormalLow,mousefood
ERR661385,NormalLow,mousefood
ERR661386,NormalLow,mousefood
ERR661387,NormalLow,mousefood
ERR661390,ObeseLow,mousefood
ERR661391,ObeseLow,mousefood
ERR661392,ObeseLow,mousefood
ERR661393,ObeseLow,mousefood
ERR661396,ObeseLow,mousefood
ERR661397,ObeseLow,mousefood
ERR661398,ObeseLow,mousefood
ERR661399,ObeseLow,mousefood
ERR661402,NormalLow,mousefood
ERR661403,NormalLow,mousefood
ERR661404,NormalLow,mousefood
ERR661405,NormalLow,mousefood
ERR661408,NormalLow,mousefood
ERR661409,NormalLow,mousefood
ERR661410,NormalLow,mousefood
ERR661411,NormalLow,mousefood
ERR661414,NormalLow,mousefood
ERR661415,NormalLow,mousefood
ERR661416,NormalLow,mousefood
ERR661417,NormalLow,mousefood
ERR661420,NormalLow,mousefood
ERR661421,NormalLow,mousefood
ERR661422,NormalLow,mousefood
ERR661423,NormalLow,mousefood
ERR661426,NormalHigh,mousefood
ERR661427,NormalHigh,mousefood
ERR661428,NormalHigh,mousefood
ERR661429,NormalHigh,mousefood
ERR661432,ObeseHigh,mousefood
ERR661433,ObeseHigh,mousefood
ERR661434,ObeseHigh,mousefood
ERR661435,ObeseHigh,mousefood
ERR661438,ObeseHigh,mousefood
ERR661439,ObeseHigh,mousefood
ERR661440,ObeseHigh,mousefood
ERR661441,ObeseHigh,mousefood
ERR661444,ObeseHigh,mousefood
ERR661445,ObeseHigh,mousefood
ERR661446,ObeseHigh,mousefood
ERR661447,ObeseHigh,mousefood
ERR661450,ObeseHigh,mousefood
ERR661451,ObeseHigh,mousefood
ERR661452,ObeseHigh,mousefood
ERR661453,ObeseHigh,mousefood
ERR661456,NormalHigh,mousefood
ERR661457,NormalHigh,mousefood
ERR661458,NormalHigh,mousefood
ERR661459,NormalHigh,mousefood
ERR661462,NormalHigh,mousefood
ERR661463,NormalHigh,mousefood
ERR661464,NormalHigh,mousefood
ERR661465,NormalHigh,mousefood
ERR661468,ObeseHigh,mousefood
ERR661469,ObeseHigh,mousefood
ERR661470,ObeseHigh,mousefood
ERR661471,ObeseHigh,mousefood
ERR661474,NormalHigh,mousefood
ERR661475,NormalHigh,mousefood
ERR661476,NormalHigh,mousefood
ERR661477,NormalHigh,mousefood
ERR661480,NormalHigh,mousefood
ERR661481,NormalHigh,mousefood
ERR661482,NormalHigh,mousefood
ERR661483,NormalHigh,mousefood
ERR661486,NormalHigh,mousefood
ERR661487,NormalHigh,mousefood
ERR661488,NormalHigh,mousefood
ERR661489,NormalHigh,mousefood
ERR661491,plus,mousefood
ERR661492,plus,mousefood
ERR661493,plus,mousefood
ERR661494,plus,mousefood
ERR661495,plus,mousefood
ERR661496,plus,mousefood
ERR661497,plus,mousefood
ERR661498,plus,mousefood
ERR661499,plus,mousefood
ERR661500,plus,mousefood
ERR661501,plus,mousefood
ERR661502,plus,mousefood
ERR661503,plus,mousefood
ERR661504,plus,mousefood
ERR661505,plus,mousefood
ERR661506,plus,mousefood
ERR661507,plus,mousefood
ERR661508,plus,mousefood
ERR661509,plus,mousefood
ERR661510,plus,mousefood
ERR661533,minus,mousefood
ERR661534,minus,mousefood
ERR661535,minus,mousefood
ERR661536,minus,mousefood
ERR661537,minus,mousefood
ERR661538,minus,mousefood
ERR661539,minus,mousefood
ERR661540,minus,mousefood
ERR661541,minus,mousefood
ERR661542,minus,mousefood
ERR661543,minus,mousefood
ERR661544,minus,mousefood
ERR661545,minus,mousefood
ERR661546,minus,mousefood
ERR661547,minus,mousefood
ERR661548,minus,mousefood
ERR661549,minus,mousefood
ERR661550,minus,mousefood
ERR661551,minus,mousefood
ERR661552,minus,mousefood
ERR661554,plus,mousefood
ERR661555,plus,mousefood
ERR661556,plus,mousefood
ERR661557,plus,mousefood
ERR661558,plus,mousefood
ERR661559,plus,mousefood
ERR661560,plus,mousefood
ERR661561,plus,mousefood
ERR661562,plus,mousefood
ERR661563,plus,mousefood
ERR661564,plus,mousefood
ERR661565,plus,mousefood
ERR661566,plus,mousefood
ERR661567,plus,mousefood
ERR661568,plus,mousefood
ERR661569,plus,mousefood
ERR661570,plus,mousefood
ERR661571,plus,mousefood
ERR661572,plus,mousefood
ERR661573,plus,mousefood
ERR661575,minus,mousefood
ERR661576,minus,mousefood
ERR661577,minus,mousefood
ERR661578,minus,mousefood
ERR661579,minus,mousefood
ERR661580,minus,mousefood
ERR661581,minus,mousefood
ERR661582,minus,mousefood
ERR661583,minus,mousefood
ERR661584,minus,mousefood
ERR661585,minus,mousefood
ERR661586,minus,mousefood
ERR661587,minus,mousefood
ERR661588,minus,mousefood
ERR661589,minus,mousefood
ERR661590,minus,mousefood
ERR661591,minus,mousefood
ERR661592,minus,mousefood
ERR661593,minus,mousefood
ERR661594,minus,mousefood
ERR661596,plus,mousefood
ERR661597,plus,mousefood
ERR661598,plus,mousefood
ERR661599,plus,mousefood
ERR661600,plus,mousefood
ERR661601,plus,mousefood
ERR661602,plus,mousefood
ERR661603,plus,mousefood
ERR661604,plus,mousefood
ERR661605,plus,mousefood
ERR661606,plus,mousefood
ERR661607,plus,mousefood
ERR661608,plus,mousefood
ERR661609,plus,mousefood
ERR661610,plus,mousefood
ERR661611,plus,mousefood
ERR661612,plus,mousefood
ERR661614,plus,mousefood
ERR661615,plus,mousefood
SRR3232108,Control_1,mousefood
SRR3232109,Control_1,mousefood
SRR3232110,Control_1,mousefood
SRR3232111,Control_1,mousefood
SRR3232112,Control_1,mousefood
SRR3232113,Control_1,mousefood
SRR3232114,Control_1,mousefood
SRR3232115,Control_1,mousefood
SRR3232116,Control_2,mousefood
SRR3232117,Control_2,mousefood
SRR3232118,Control_2,mousefood
SRR3232119,Control_2,mousefood
SRR3232120,Control_2,mousefood
SRR3232121,Control_2,mousefood
SRR3232122,Control_2,mousefood
SRR3232123,Control_2,mousefood
SRR3232124,Obese_1,mousefood
SRR3232125,Obese_1,mousefood
SRR3232126,Obese_1,mousefood
SRR3232127,Obese_1,mousefood
SRR3232128,Obese_1,mousefood
SRR3232129,Obese_1,mousefood
SRR3232130,Obese_1,mousefood
SRR3232131,Obese_1,mousefood
SRR3232132,Obese_2,mousefood
SRR3232133,Obese_2,mousefood
SRR3232134,Obese_2,mousefood
SRR3232135,Obese_2,mousefood
SRR3232136,Obese_2,mousefood
SRR3232137,Obese_2,mousefood
SRR3232138,Obese_2,mousefood
SRR3232139,Obese_2,mousefood
SRR3232140,Control_1,mousefood
SRR3232141,Control_1,mousefood
SRR3232142,Control_1,mousefood
SRR3232143,Control_1,mousefood
SRR3232144,Control_1,mousefood
SRR3232145,Control_1,mousefood
SRR3232146,Control_1,mousefood
SRR3232147,Control_1,mousefood
SRR3232148,Control_2,mousefood
SRR3232149,Control_2,mousefood
SRR3232150,Control_2,mousefood
SRR3232151,Control_2,mousefood
SRR3232152,Control_2,mousefood
SRR3232153,Control_2,mousefood
SRR3232154,Control_2,mousefood
SRR3232155,Control_2,mousefood
SRR3232156,Control_2,mousefood
SRR3232157,Obese_1,mousefood
SRR3232158,Obese_1,mousefood
SRR3232159,Obese_1,mousefood
SRR3232160,Obese_1,mousefood
SRR3232161,Obese_1,mousefood
SRR3232162,Obese_1,mousefood
SRR3232163,Obese_1,mousefood
SRR3232164,Obese_1,mousefood
SRR3232165,Obese_2,mousefood
SRR3232166,Obese_2,mousefood
SRR3232167,Obese_2,mousefood
SRR3232168,Obese_2,mousefood
SRR3232169,Obese_2,mousefood
SRR3232170,Obese_2,mousefood
SRR3232171,Obese_2,mousefood
SRR3232172,Obese_2,mousefood
SRR3232173,Control_1,mousefood
SRR3232174,Control_1,mousefood
SRR3232175,Control_1,mousefood
SRR3232176,Control_1,mousefood
SRR3232177,Control_1,mousefood
SRR3232178,Control_1,mousefood
SRR3232179,Control_1,mousefood
SRR3232180,Control_1,mousefood
SRR3232181,Control_1,mousefood
SRR3232182,Control_2,mousefood
SRR3232183,Control_2,mousefood
SRR3232184,Control_2,mousefood
SRR3232185,Control_2,mousefood
SRR3232186,Control_2,mousefood
SRR3232187,Control_2,mousefood
SRR3232188,Control_2,mousefood
SRR3232189,Control_2,mousefood
SRR3232190,Obese_1,mousefood
SRR3232191,Obese_1,mousefood
SRR3232192,Obese_1,mousefood
SRR3232193,Obese_1,mousefood
SRR3232194,Obese_1,mousefood
SRR3232195,Obese_1,mousefood
SRR3232196,Obese_1,mousefood
SRR3232197,Obese_1,mousefood
SRR3232198,Obese_2,mousefood
SRR3232199,Obese_2,mousefood
SRR3232200,Obese_2,mousefood
SRR3232201,Obese_2,mousefood
SRR3232202,Obese_2,mousefood
SRR3232203,Obese_2,mousefood
SRR3232204,Obese_2,mousefood
SRR3232205,Control_1,mousefood
SRR3232206,Control_1,mousefood
SRR3232207,Control_1,mousefood
SRR3232208,Control_1,mousefood
SRR3232209,Control_1,mousefood
SRR3232210,Control_1,mousefood
SRR3232211,Control_1,mousefood
SRR3232212,Control_1,mousefood
SRR3232213,Control_2,mousefood
SRR3232214,Control_2,mousefood
SRR3232215,Control_2,mousefood
SRR3232216,Control_2,mousefood
SRR3232217,Control_2,mousefood
SRR3232218,Control_2,mousefood
SRR3232219,Control_2,mousefood
SRR3232220,Control_2,mousefood
SRR3232221,Obese_1,mousefood
SRR3232222,Obese_1,mousefood
SRR3232223,Obese_1,mousefood
SRR3232224,Obese_1,mousefood
SRR3232225,Obese_1,mousefood
SRR3232226,Obese_1,mousefood
SRR3232227,Obese_1,mousefood
SRR3232228,Obese_1,mousefood
SRR3232229,Obese_2,mousefood
SRR3232230,Obese_2,mousefood
SRR3232231,Obese_2,mousefood
SRR3232232,Obese_2,mousefood
SRR3232233,Obese_2,mousefood
SRR3232234,Obese_2,mousefood
SRR3232235,Obese_2,mousefood
SRR3232236,Obese_2,mousefood
SRR3232237,Control_1,mousefood
SRR3232238,Control_1,mousefood
SRR3232239,Control_1,mousefood
SRR3232240,Control_1,mousefood
SRR3232241,Control_1,mousefood
SRR3232242,Control_1,mousefood
SRR3232243,Control_1,mousefood
SRR3232244,Control_1,mousefood
SRR3232245,Control_1,mousefood
SRR3232246,Control_1,mousefood
SRR3232247,Control_1,mousefood
SRR3232248,Control_1,mousefood
SRR3232249,Control_1,mousefood
SRR3232250,Control_1,mousefood
SRR3232251,Control_1,mousefood
SRR3232252,Control_1,mousefood
SRR3232253,Control_2,mousefood
SRR3232254,Control_2,mousefood
SRR3232255,Control_2,mousefood
SRR3232256,Control_2,mousefood
SRR3232257,Control_2,mousefood
SRR3232258,Control_2,mousefood
SRR3232259,Control_2,mousefood
SRR3232260,Control_2,mousefood
SRR3232261,Control_2,mousefood
SRR3232262,Control_2,mousefood
SRR3232263,Control_2,mousefood
SRR3232264,Control_2,mousefood
SRR3232265,Control_2,mousefood
SRR3232266,Control_2,mousefood
SRR3232267,Control_2,mousefood
SRR3232268,Control_2,mousefood
SRR3232269,Obese_1,mousefood
SRR3232270,Obese_1,mousefood
SRR3232271,Obese_1,mousefood
SRR3232272,Obese_1,mousefood
SRR3232273,Obese_1,mousefood
SRR3232274,Obese_1,mousefood
SRR3232275,Obese_1,mousefood
SRR3232276,Obese_1,mousefood
SRR3232277,Obese_1,mousefood
SRR3232278,Obese_1,mousefood
SRR3232279,Obese_1,mousefood
SRR3232280,Obese_1,mousefood
SRR3232281,Obese_1,mousefood
SRR3232282,Obese_1,mousefood
SRR3232283,Obese_1,mousefood
SRR3232284,Obese_1,mousefood
SRR3232285,Obese_2,mousefood
SRR3232286,Obese_2,mousefood
SRR3232287,Obese_2,mousefood
SRR3232288,Obese_2,mousefood
SRR3232289,Obese_2,mousefood
SRR3232290,Obese_2,mousefood
SRR3232291,Obese_2,mousefood
SRR3232292,Obese_2,mousefood
SRR3232293,Obese_2,mousefood
SRR3232294,Obese_2,mousefood
SRR3232295,Obese_2,mousefood
SRR3232296,Obese_2,mousefood
SRR3232297,Obese_2,mousefood
SRR3232298,Obese_2,mousefood
SRR3232299,Obese_2,mousefood
SRR3232300,Obese_2,mousefood
SRR3232301,Control_1,mousefood
SRR3232302,Control_1,mousefood
SRR3232303,Control_1,mousefood
SRR3232304,Control_1,mousefood
SRR3232305,Control_1,mousefood
SRR3232306,Control_1,mousefood
SRR3232307,Control_1,mousefood
SRR3232308,Control_1,mousefood
SRR3232309,Control_1,mousefood
SRR3232310,Control_1,mousefood
SRR3232311,Control_1,mousefood
SRR3232312,Control_1,mousefood
SRR3232313,Control_1,mousefood
SRR3232314,Control_1,mousefood
SRR3232315,Control_1,mousefood
SRR3232316,Control_1,mousefood
SRR3232317,Control_2,mousefood
SRR3232318,Control_2,mousefood
SRR3232319,Control_2,mousefood
SRR3232320,Control_2,mousefood
SRR3232321,Control_2,mousefood
SRR3232322,Control_2,mousefood
SRR3232323,Control_2,mousefood
SRR3232324,Control_2,mousefood
SRR3232325,Control_2,mousefood
SRR3232326,Control_2,mousefood
SRR3232327,Control_2,mousefood
SRR3232328,Control_2,mousefood
SRR3232329,Control_2,mousefood
SRR3232330,Control_2,mousefood
SRR3232331,Control_2,mousefood
SRR3232332,Control_2,mousefood
SRR3232333,Control_2,mousefood
SRR3232334,Obese_1,mousefood
SRR3232335,Obese_1,mousefood
SRR3232336,Obese_1,mousefood
SRR3232337,Obese_1,mousefood
SRR3232338,Obese_1,mousefood
SRR3232339,Obese_1,mousefood
SRR3232340,Obese_1,mousefood
SRR3232341,Obese_1,mousefood
SRR3232342,Obese_1,mousefood
SRR3232343,Obese_1,mousefood
SRR3232344,Obese_1,mousefood
SRR3232345,Obese_1,mousefood
SRR3232346,Obese_1,mousefood
SRR3232347,Obese_1,mousefood
SRR3232348,Obese_1,mousefood
SRR3232349,Obese_1,mousefood
SRR3232350,Obese_2,mousefood
SRR3232351,Obese_2,mousefood
SRR3232352,Obese_2,mousefood
SRR3232353,Obese_2,mousefood
SRR3232354,Obese_2,mousefood
SRR3232355,Obese_2,mousefood
SRR3232356,Obese_2,mousefood
SRR3232357,Obese_2,mousefood
SRR3232358,Obese_2,mousefood
SRR3232359,Obese_2,mousefood
SRR3232360,Obese_2,mousefood
SRR3232361,Obese_2,mousefood
SRR3232362,Obese_2,mousefood
SRR3232363,Obese_2,mousefood
SRR3232364,Obese_2,mousefood
SRR3232365,Obese_2,mousefood
SRR3232366,Obese_2,mousefood
SRR3232367,Control_1,mousefood
SRR3232368,Control_1,mousefood
SRR3232369,Control_1,mousefood
SRR3232370,Control_1,mousefood
SRR3232371,Control_1,mousefood
SRR3232372,Control_1,mousefood
SRR3232373,Control_1,mousefood
SRR3232374,Control_1,mousefood
SRR3232375,Control_1,mousefood
SRR3232376,Control_1,mousefood
SRR3232377,Control_1,mousefood
SRR3232378,Control_1,mousefood
SRR3232379,Control_2,mousefood
SRR3232380,Control_2,mousefood
SRR3232381,Control_2,mousefood
SRR3232382,Control_2,mousefood
SRR3232383,Control_2,mousefood
SRR3232384,Control_2,mousefood
SRR3232385,Control_2,mousefood
SRR3232386,Control_2,mousefood
SRR3232387,Control_2,mousefood
SRR3232388,Control_2,mousefood
SRR3232389,Control_2,mousefood
SRR3232390,Control_2,mousefood
SRR3232391,Control_2,mousefood
SRR3232392,Control_2,mousefood
SRR3232393,Control_2,mousefood
SRR3232394,Obese_1,mousefood
SRR3232395,Obese_1,mousefood
SRR3232396,Obese_1,mousefood
SRR3232397,Obese_1,mousefood
SRR3232398,Obese_1,mousefood
SRR3232399,Obese_1,mousefood
SRR3232400,Obese_1,mousefood
SRR3232401,Obese_1,mousefood
SRR3232402,Obese_1,mousefood
SRR3232403,Obese_1,mousefood
SRR3232404,Obese_1,mousefood
SRR3232405,Obese_1,mousefood
SRR3232406,Obese_1,mousefood
SRR3232407,Obese_1,mousefood
SRR3232408,Obese_1,mousefood
SRR3232409,Obese_1,mousefood
SRR3232410,Obese_2,mousefood
SRR3232411,Obese_2,mousefood
SRR3232412,Obese_2,mousefood
SRR3232413,Obese_2,mousefood
SRR3232414,Obese_2,mousefood
SRR3232415,Obese_2,mousefood
SRR3232416,Obese_2,mousefood
SRR3232417,Obese_2,mousefood
SRR3232418,Obese_2,mousefood
SRR3232419,Obese_2,mousefood
SRR3232420,Obese_2,mousefood
SRR3232421,Obese_2,mousefood
SRR3232422,Obese_2,mousefood
SRR3232423,Obese_2,mousefood
SRR3232424,Control_1,mousefood
SRR3232425,Control_1,mousefood
SRR3232426,Control_1,mousefood
SRR3232427,Control_1,mousefood
SRR3232428,Control_1,mousefood
SRR3232429,Control_1,mousefood
SRR3232430,Control_1,mousefood
SRR3232431,Control_1,mousefood
SRR3232432,Control_1,mousefood
SRR3232433,Control_1,mousefood
SRR3232434,Control_1,mousefood
SRR3232435,Control_1,mousefood
SRR3232436,Control_1,mousefood
SRR3232437,Control_1,mousefood
SRR3232438,Control_1,mousefood
SRR3232439,Control_2,mousefood
SRR3232440,Control_2,mousefood
SRR3232441,Control_2,mousefood
SRR3232442,Control_2,mousefood
SRR3232443,Control_2,mousefood
SRR3232444,Control_2,mousefood
SRR3232445,Control_2,mousefood
SRR3232446,Control_2,mousefood
SRR3232447,Control_2,mousefood
SRR3232448,Control_2,mousefood
SRR3232449,Control_2,mousefood
SRR3232450,Obese_1,mousefood
SRR3232451,Obese_1,mousefood
SRR3232452,Obese_1,mousefood
SRR3232453,Obese_1,mousefood
SRR3232454,Obese_1,mousefood
SRR3232455,Obese_1,mousefood
SRR3232456,Obese_1,mousefood
SRR3232457,Obese_1,mousefood
SRR3232458,Obese_1,mousefood
SRR3232459,Obese_1,mousefood
SRR3232460,Obese_1,mousefood
SRR3232461,Obese_1,mousefood
SRR3232462,Obese_1,mousefood
SRR3232463,Obese_1,mousefood
SRR3232464,Obese_1,mousefood
SRR3232465,Obese_2,mousefood
SRR3232466,Obese_2,mousefood
SRR3232467,Obese_2,mousefood
SRR3232468,Obese_2,mousefood
SRR3232469,Obese_2,mousefood
SRR3232470,Obese_2,mousefood
SRR3232471,Obese_2,mousefood
SRR3232472,Obese_2,mousefood
SRR3232473,Obese_2,mousefood
SRR3232474,Obese_2,mousefood
SRR3232475,Obese_2,mousefood
SRR3232476,Control_1,mousefood
SRR3232477,Control_1,mousefood
SRR3232478,Control_1,mousefood
SRR3232479,Control_1,mousefood
SRR3232480,Control_1,mousefood
SRR3232481,Control_1,mousefood
SRR3232482,Control_1,mousefood
SRR3232483,Control_1,mousefood
SRR3232484,Control_1,mousefood
SRR3232485,Control_1,mousefood
SRR3232486,Control_1,mousefood
SRR3232487,Control_1,mousefood
SRR3232488,Control_2,mousefood
SRR3232489,Control_2,mousefood
SRR3232490,Control_2,mousefood
SRR3232491,Control_2,mousefood
SRR3232492,Control_2,mousefood
SRR3232493,Control_2,mousefood
SRR3232494,Control_2,mousefood
SRR3232495,Control_2,mousefood
SRR3232496,Control_2,mousefood
SRR3232497,Control_2,mousefood
SRR3232498,Control_2,mousefood
SRR3232499,Control_2,mousefood
SRR3232500,Control_2,mousefood
SRR3232501,Control_2,mousefood
SRR3232502,Obese_1,mousefood
SRR3232503,Obese_1,mousefood
SRR3232504,Obese_1,mousefood
SRR3232505,Obese_1,mousefood
SRR3232506,Obese_1,mousefood
SRR3232507,Obese_1,mousefood
SRR3232508,Obese_1,mousefood
SRR3232509,Obese_1,mousefood
SRR3232510,Obese_1,mousefood
SRR3232511,Obese_1,mousefood
SRR3232512,Obese_1,mousefood
SRR3232513,Obese_1,mousefood
SRR3232514,Obese_2,mousefood
SRR3232515,Obese_2,mousefood
SRR3232516,Obese_2,mousefood
SRR3232517,Obese_2,mousefood
SRR3232518,Obese_2,mousefood
SRR3232519,Obese_2,mousefood
SRR3232520,Obese_2,mousefood
SRR3232521,Obese_2,mousefood
SRR3232522,Obese_2,mousefood
SRR3232523,Obese_2,mousefood
SRR3232524,Obese_2,mousefood
SRR3232525,Obese_2,mousefood
SRR3232526,Obese_2,mousefood
SRR3232527,Obese_2,mousefood
